player_id,player_name
1,Mohammad Ziaur Rahman
3,I Ketut Ariana
4,Ehsan Zamani Fard
5,Farhad Kamal Gharibi
6,Jaber Hemati Chonehkhan
7,Mostafa Noudehi
8,Masayuki Shimokawa
9,Takamitsu Kono
10,Simon Maina Kibura
11,Dong Ju Hong
12,Jang Kun Lee
13,Seong Ryeol Kim
14,Tae Deok Eom
15,Sanjay Shrestha
16,Waleed Al Hasani
17,Atif Waheed
18,Nasir Ali
19,Wajid Ali
20,Wasim Sajjad
21,Sinotharan Kanesharajah
22,Wei Yang
23,Dovlet Boshimov
24,Michael Adam Dubery
26,Ajay Thakur
28,Amit Singh Chhillar
29,Anup Kumar
30,Arbinda Khuntia
32,Balbir Singh
33,Bhabesh Kumar
34,Bhupender Singh
36,Chandran Ranjit
38,Dadaso Balaso Awad
41,Deepak Nivas Hudda
42,Dharmaraj Cheralathan
43,Dharmendra Singh
44,Gangadhari Mallesh
45,Gurpreet Singh
46,Gurvinder Singh
47,Haresh Jalmi
48,Hitesh Patel
49,Irfan Khan
51,Jasmer Singh Gulia
52,Jasvir Singh
53,Jeeva Gopal
54,Jeeva Kumar
55,Jitesh Joshi
56,Kalimuthu Balamahendran
58,Kashiling Adake
59,Kiran Parmar
61,Kuldeep Singh
66,Mahesh Goud
67,Mahipal Narwal
68,Mandeep Kumar
69,Manjeet Chhillar
70,Manoj Kumar
71,Mohit Chhillar
72,Navneet Gautam
73,Nilesh Shinde
74,Nithesh B R
75,Nitin Madane
76,Nitin More
77,Parveen Kumar
79,Pravin Niwale
80,Punit Kumar Teotia
81,Rahul Chaudhari
84,Rajaguru Subramanian
85,Rajesh Mondal
86,Rajesh Narwal
87,Raju Lal Choudhary
88,Rakesh Kumar
89,Ram Kumar Sah
92,Ravi Dalal
94,Rishank Devadiga
96,Rohit Rana
97,Rupesh Tomar
98,Sachin Khambe
99,Sanjay Sharma
101,Santhosh B.S
103,Sarun Das
105,Shabeer Bappu
106,Shrikant Jadhav
107,Shrikant Tewthia
108,Shyam Kumar Sah
109,Somvir Shekhar
111,Sukesh Hegde
113,Sunil Hanumanthappa
114,Sunil Kumar
115,Suraj Desai
117,Suresh Pathapalem
118,Surjeet Narwal
119,Surjeet Singh
120,V. Satyanarayana
121,Vikas Jaglan
122,Vilam Singh
123,Vishal Mane
124,Wazir Singh
141,Sunil Jaipal
142,Sandeep Narwal
143,Maninder Singh
144,Gokul Shitole
145,Md. Aruduzzaman Munshi
146,Surender Nada
147,Prashant Chavan
148,Sunil Subhash Lande
149,Kiran A
150,Parmod Narwal
151,Vikas Tomar
152,D. Gopu
153,Vijender Singh
154,Gurchet Singh
155,Prashant Rai K
156,Pawan Kumar
157,Ravinder Pahal
158,Rakesh Bharadwaj
159,Samarjeet Singh
160,Ran Singh
161,Girish Maruti Ernak
162,D. Suresh Kumar
163,Mahendra Ganesh Rajput
164,Bajirao Hodage
165,Sachin Shingade
166,Vijendar Singh
167,Preetam Chhillar
168,Mangesh Bhagat
169,Sagar Khatale
170,Swapnil Shinde
171,Pradeep Kumar
172,Vinoth Kumar
173,Suresu Kumar
174,Deepak K. Dahiya
178,Parveen M. Jangra
179,Vikas Kale
180,Kedar Lal
181,Deepak Dhull
182,Dinesh Kumar
183,Chaminda R. S. M.
184,Deepak Kumar
185,Vijin Thangadurai
186,Sandeep Kumar
187,Manoj Kumar Gora
188,Akhil Ashokan
190,Sonu Narwal
191,C. Arun
192,Vaibhav Kale
193,Rohit Kumar Prajapat
194,Joginder Narwal
195,Ashish Chhokar
196,C. Karnan
197,Pardeep Narwal
198,Hwangi A. H. N.
199,Kazuhiro Takano
200,Mohammad Maghsoudlou
201,Adinath Gavali
202,Ashish Kumar
204,Rakesh Narwal
205,Sandeep Malik
206,Aman Kumar
207,Sunil Kumar
208,Varinder Singh
209,Abhinandan Kumar
210,Sunny
211,Deepak Narwal
212,Amit Hooda
214,Amit Kumar
215,Vinod Kumar
216,Pradeep Kumar
217,Rohit Kumar Choudary
218,Sachin Kumar
219,K Prapanjan
220,Avnish Kumar
221,Anoop E.V.
222,G. S. Manikandan
223,Rajeev Kumar
224,Inderpal Bishnoi
225,Sandeep Tomar
226,Jawahar Vivek
227,Vinoth Paulyas
228,Gopalappa Thimarayappa
229,Vinod Atyalkar
230,Onkar Jadhav
231,Amit Rathi
232,Sachin V.
233,Manoj Dhull
234,Surendra Singh
235,Vijendra Singh
236,T. Prasad
237,Amit Kumar
238,Isac Antony
239,Jishnu
240,Ravi Kumar
241,Ravit Kumar
242,Tushar Patil
243,Sanjay Kumar
244,Ravi V.
245,Yogesh Hudda
246,Harvinder Singh
247,Anil Singh
248,Sandeep
249,Hadi Oshtorak
250,Hyunil Park
251,Meraj Sheykh
252,Kuldeep Singh
254,Michal Spiczko
257,Muhammad Tariq
258,Sulieman Kabir
259,Fazel Atrachali
260,Vijay Malik
261,Rohit Baliyan
262,Vir Singh Yadav
263,Jay Bahadur Bohara
264,Selvamani K
265,Yosuke Sasaki
266,David Mosambayi
267,Amit Kumar
268,Vineet Sharma
269,Arvind Baliyan
270,Jasmer Singh
271,Narendar Kumar
272,Umesh Mhatre
273,Satish Kumar
274,Krushna Madane
275,Deepak Kumar
277,Anil Shriram Nimbolkar
278,Gnanasekaran M
279,Shashank Wankhede
283,Jagdeesha K.K.
285,Anil Kashinath Patil
288,Rahul Kumar
290,Sandeep Dhull
293,Nilesh Salunke
295,Felix Odhiambo Opana
296,Navjot Singh
299,Sandeep
300,Abolfazel Maghsodlo
301,Hadi Tajik
302,Khomsan Thongkham
303,Satish Kumar
307,Ravinandan G.M.
308,Sushil Vijay Bhosale
309,Manpreet Singh
310,Lo Chia Wei
311,Anil Kumar
312,Sanju
313,Virender Wazir Singh
314,Somvir
315,Parvesh Attri
316,Nirbhay Narwal
317,Hardeep Duhan
318,Pawan Kumar
320,Nitin Tomar
321,Manjeet Kandola
322,Surjeet
323,Mahendra Singh Dhaka
324,Darshan
326,Rohit Kumar
332,Ogak Haggai Odhiambo
333,Muhammad Rizwan
335,Tin Phonchoo
339,Nicholas George Mottram
342,Md. Zakir Hossain
344,Md. Tuhin Tarafder
347,Sagar Krishna
348,Mahender Reddy
357,Parvesh Bhainswal
358,Vishal Bhardwaj
360,Sanket Chavan
361,Sombir
363,Sumit Singh
364,Ajay Singh
365,Akshay Jadhav
366,Vikash Kandola
367,Nitin Kumar
368,Sunil Kumar
369,Dalbir
370,Ravindra Ramesh Kumawat
371,Amit Nagar
372,Harish Naik
373,Parveen Narwal
374,Suyog Rajapkar
375,Manjeet
376,Athul MS
377,Yogesh Subhash Sawant
380,Vikash Kumar
384,Ravinder Kumar
386,Anil Kumar
387,Vinod Kumar
388,Monu Goyat
389,Ajay Kumar
390,Jawahar
391,S Mahalingam
392,Kuldeep
447,Patrick Muvai
481,Saeid Ghaffari
482,Farhad Milaghardan
484,Esmaeil Nabibakhsh
489,Abozar Mohajermighani
498,Milad Sheibak
509,Mohammad Taghi
511,Gyung Tae Kim
513,Yong Joo Ok
514,Chan Sik Park
515,Dong Gyu Kim
516,Jae Min Lee
519,Young Chang Ko
522,Dong Geon Lee
536,Ziaur Rahman
567,Mohsen Maghsoudlou
571,Mohammad Esmaeil
575,Sultan Dange
576,Anand Patil
578,Mayur Shivtarkar
579,Jaideep
580,Vishnu Uthaman
589,Lal Mohar Yadav
591,Bajrang
599,Lokesh Kaushik
601,Ankit Malik
602,Amaresh Mondal
605,Shubham Ashok Palkar
607,Pandranki Prasad
608,Prateek
609,Chethan S
610,Shiv Om
611,Sidharth
613,Sunil Siddhgavali
614,T. Prabhakaran
620,C Kalai Arasan
621,Baldev Singh
622,Parveen Birwal
632,Arvind Kumar
634,K. Jayaseelan
637,Neeraj Kumar
638,Kamal Kishor
640,Sanoj Kumar
644,Anand Surendra Tomar
645,Sujit  Maharana
647,Gulveer Singh
648,Ajit Singh
655,Mohit
660,Bhavani Rajput
661,Tapas Pal
665,Pankaj
667,Elangeshwaran R
669,Vipin Malik
675,Ankit Sangwan
676,Santhapanaselvam
684,Rakesh Gowda
686,Rohit Gulia
689,Mohan Raman G
690,E Subash
694,Deepak Yadav
696,M. Thivakaran
698,Vishav Chaudhary
705,Ajvender Singh
708,N. Shiva Ramakrishna
710,N. Renjith
712,Rohit Kumar
713,Wei Hung Lin
718,R. Sriram
721,Abhishek N
722,D. Pradap
724,Darshan J.
725,Nitesh Kumar
726,Babu M
727,Sandeep Malik
728,Manish
729,Rajesh Manokaran
730,Rohit
731,Sandeep
732,Kuldeep Singh
733,Surender Singh
734,Vikas
735,Vishal
736,Yatharth
737,Ajay
738,Rahul Choudhary
741,Vikash
744,Sunil
745,Vijay
746,Vikrant
751,Gurvinder Singh
757,Sachin Tanwar
762,Vikas
763,Manjeet
764,Vinod Kumar
765,Anil Kumar
766,Virender Singh
768,Vijay Kumar
769,Mahender Singh
771,Suresh Kumar
772,More GB
773,Satpal
774,Munish
776,Muruthu M
777,Pardeep Kandola
778,Narender
780,Mugilan
784,Viraj Vishnu Landge
786,Parvesh
790,Satish
791,Nitin Rawal
792,Tushar Bhoir
793,Amit Kharb
794,Amit Sheoran
795,Monu
796,Rinku Narwal
797,Vikash Khatri
837,Rakshith
2020,Amit
2021,Anand V
2023,Ruturaj Koravi
2024,Arjun Deshwal
2025,Ajinkya Kapre
2026,Siddharth Desai
2028,Abhishek Singh
2040,Anil
2041,Gurdeep
2257,Victor Obiero
2262,Masud Karim
2263,Milinda Chathuranga
2264,Amir Dhumal
2266,Mahesh Magdum
2268,Naveen
2272,Jawahar Vivek K
2274,C Manoj Kumar
2277,Abhinandan Chandel
2278,Bhanu Tomar
2282,Yashwant Bishnoi
2286,Surender Gill
2290,Rajnish
2291,Amit Kumar
2295,Anil
2296,Naveen Kumar
2297,Arkam Shaikh
2298,Armaan
2299,Mula Siva Ganesh Reddy
2302,Mithin Kumar
2306,Lalit Chaudhary
2307,Kamal Singh
2313,Gaurav Kumar
2314,Dharmender
2315,Bhuvneshwar Gaur
2316,Azad Singh
2318,Arun Kumar HN
2320,Mohit Balyan
2321,Ankush
2322,Ankit Beniwal
2325,Anand
2328,Sudhanshu Tyagi
2330,Sumit
2334,Harsh Vardhan
2335,Vimal Raj V
2336,Anuj Kumar
2337,Amit Singh
2345,Anil
2347,Deepak
2351,Vikram Kandola
2353,Ajay
2357,Naveen
2376,Emad Sedaghatnia
2408,Ranidu Chamara
2462,Sunil
2463,Parveen
2470,Adarsh T
2471,Ankit
2473,Sumit Kumar
2474,Aman Kadian
2475,Ajinkya Pawar
2476,Amit Kumar
2478,Purna Singh
2479,Shubham Shinde
2480,Hemant Chauhan
2481,Ponparthiban Subramanian
2482,Aashish Nagar
2485,Sonu
2486,Harendra Kumar
2487,Subhash Narwal
2488,Vinay
2489,Satywan
2490,Pratik Patil
2491,Neeraj Narwal
2492,Jadhav Balasaheb Shahaji
2493,Himanshu
2494,Sachin Narwal
2496,Pavan T. R.
2497,Guman Singh
2498,Sushil Gulia
2501,Aman
2502,Mohit Sehrawat
2503,Banty
2504,Ashish
2506,M. Abishek
2507,Amit Kumar
2508,V. Ajith Kumar
2509,Manish
2510,Akash Choudhary
2512,Ajeet
2513,Amit
2514,Chand Singh
2515,Vikas Chhillar
2644,Ravinder
2656,Navneet
2657,Ashu Singh
2658,Aakash Dattu Arsul
2659,Sagar
2660,Sushant Sail
2661,Pankaj Mohite
2662,Sanket Sawant
2665,Elavarasan A
2666,Harmanjit Singh
2667,Ankit
2668,Sumit
2669,Balram
2670,Saurabh Nandal
2671,Naveen Narwal
2672,Sumit
2682,Amit Kumar
2683,Palle Mallikarjun
