team_id,match_id,score,total_All_outs,total_declares,all_out_points,extra_points,raid_bonus_points,total_raid_points,raid_touch_points,tackle_capture_points,tackle_capture_bonus_points,total_tackle_points,total_points_in_match,empty_raids,successful_raids,super_raids,total_number_of_raids,unsuccessful_raids,successful_tackles,super_tackles,total_number_of_tackles,unsuccessful_tackles
3,1,28,2,0,2,0,3,25,22,1,0,1,28,10,20,0,40,10,1,0,24,23
5,1,44,4,0,4,0,5,28,23,12,0,12,44,15,21,0,40,4,10,0,32,22
2,10,39,4,0,4,0,5,26,21,9,0,9,39,8,24,0,44,12,8,0,27,19
4,10,40,4,0,4,0,6,25,19,11,0,11,40,20,16,0,45,9,11,0,32,21
2,100,45,1,0,6,1,1,23,22,13,2,15,45,25,13,0,45,7,13,0,25,12
6,100,26,0,0,0,3,4,16,12,6,1,7,26,15,15,0,44,14,6,0,28,22
2,101,21,0,0,0,1,3,12,9,6,2,8,21,16,10,0,39,13,6,0,33,27
3,101,51,5,0,10,1,1,28,27,12,0,12,51,16,18,0,40,6,12,0,21,9
3,102,31,2,0,4,0,0,15,15,12,0,12,31,24,14,0,44,6,12,0,21,9
7,102,18,0,0,0,1,2,11,9,6,0,6,18,22,10,0,44,12,6,0,21,15
2,103,45,1,0,4,0,6,34,28,7,0,7,45,16,20,0,44,8,7,0,35,28
8,103,45,0,0,0,1,7,35,28,7,2,9,45,15,22,0,44,7,7,0,35,28
1,104,29,0,0,0,3,4,16,12,9,1,10,29,19,12,0,49,18,9,0,20,11
5,104,36,1,0,4,1,1,12,11,18,1,19,36,27,11,0,48,10,18,0,30,12
4,105,31,1,0,2,5,3,14,11,9,1,10,31,25,11,0,46,10,9,0,19,10
7,105,28,0,0,0,5,1,11,10,9,3,12,28,23,10,0,46,13,9,0,20,11
1,106,25,1,0,2,4,1,12,11,7,0,7,25,29,11,0,52,12,7,0,16,9
3,106,27,1,0,2,1,2,11,9,12,1,13,27,33,11,0,53,9,12,0,23,11
4,107,32,0,0,2,1,4,20,16,7,2,9,32,27,11,0,47,9,7,0,25,18
6,107,34,0,0,2,1,3,21,18,9,1,10,34,25,14,0,47,8,9,0,25,16
1,108,40,0,0,6,0,2,20,18,14,0,14,40,25,16,0,47,6,14,0,22,8
2,108,21,0,0,0,0,7,15,8,6,0,6,21,19,13,0,46,14,6,0,24,18
6,109,27,0,0,2,1,2,13,11,11,0,11,27,24,13,0,48,11,11,0,26,15
5,109,32,1,0,4,1,0,15,15,11,1,12,32,26,12,0,49,11,11,0,22,11
6,11,34,2,0,2,1,4,27,23,4,0,4,34,13,22,0,40,5,4,0,23,19
8,11,35,2,0,2,0,8,27,19,6,0,6,35,11,22,0,41,8,5,0,28,23
1,110,43,2,0,6,4,0,18,18,15,0,15,43,29,14,0,52,9,15,0,30,15
8,110,29,1,0,2,0,3,18,15,8,1,9,29,17,17,0,52,18,8,0,26,18
7,111,33,1,0,4,0,1,18,17,11,0,11,33,17,15,0,40,8,11,0,23,12
2,111,28,1,0,2,1,4,16,12,7,2,9,28,18,11,0,40,11,7,0,24,17
3,112,38,1,0,2,7,5,25,20,3,1,4,38,8,22,0,43,13,3,0,22,19
4,112,39,2,0,4,0,0,19,19,13,3,16,39,23,11,0,39,5,13,0,33,20
7,113,34,0,0,2,3,5,18,13,10,1,11,34,16,13,0,43,14,10,0,27,17
5,113,39,1,0,4,1,1,18,17,14,2,16,39,19,12,0,43,12,14,0,27,13
5,114,25,0,0,0,0,4,19,15,5,1,6,25,15,15,0,43,13,5,0,30,25
8,114,46,2,0,6,1,2,27,25,12,0,12,46,15,23,0,43,5,12,0,27,15
7,115,21,0,0,0,2,4,9,5,7,3,10,21,22,6,0,43,15,7,0,21,14
6,115,38,3,0,6,5,0,14,14,13,0,13,38,24,11,0,44,9,13,0,18,5
6,116,26,1,0,2,1,1,10,9,13,0,13,26,27,6,0,42,9,13,0,19,6
3,116,24,0,0,0,0,6,12,6,9,3,12,24,17,12,0,43,14,9,0,18,9
7,117,30,0,0,2,0,3,20,17,8,0,8,30,26,13,0,48,9,8,0,23,15
1,117,31,1,0,2,4,1,16,15,7,2,9,31,29,10,0,47,8,7,0,24,17
8,118,38,0,0,2,0,7,21,14,9,6,15,38,20,17,0,52,15,9,0,28,19
1,118,39,0,0,4,2,1,20,19,13,0,13,39,26,17,0,52,9,13,0,27,14
5,119,35,2,0,4,0,1,13,12,16,2,18,35,30,13,0,50,7,16,0,24,8
6,119,18,0,0,0,1,1,9,8,7,1,8,18,26,8,0,50,16,7,0,19,12
4,12,37,2,0,2,0,4,26,22,9,0,9,37,15,17,0,40,8,8,0,29,21
7,12,34,4,0,4,0,1,22,21,8,0,8,34,14,15,0,39,9,8,0,30,22
6,120,26,0,0,0,1,2,15,13,7,3,10,26,26,11,0,46,9,7,0,24,17
8,120,34,2,0,4,4,2,19,17,7,0,7,34,24,15,0,46,7,7,0,20,13
5,121,36,1,0,4,1,1,17,16,14,0,14,36,28,14,0,52,10,14,0,29,15
1,121,30,1,0,2,0,3,18,15,10,0,10,30,24,13,0,51,14,10,0,26,16
8,122,25,0,0,2,1,0,16,16,6,0,6,25,20,12,0,40,8,6,0,17,11
5,122,27,1,0,2,3,4,15,11,7,0,7,27,22,11,0,40,7,7,0,23,16
2,123,29,0,0,2,3,3,19,16,5,0,5,29,16,15,0,42,11,5,0,21,16
1,123,35,2,0,4,2,2,18,16,11,0,11,35,23,12,0,42,7,11,0,27,16
3,124,27,0,0,2,3,0,10,10,10,2,12,27,22,8,0,39,9,10,0,18,8
5,124,18,0,0,0,0,1,9,8,9,0,9,18,20,8,0,39,11,9,0,19,10
8,125,27,0,0,0,4,4,13,9,8,2,10,27,22,10,0,43,11,8,2,19,11
7,125,26,1,0,2,2,0,11,11,10,1,11,26,23,10,0,43,10,10,1,19,9
6,126,29,0,0,2,0,0,14,14,10,3,13,29,20,10,0,39,9,10,0,22,12
3,126,28,0,0,0,3,4,16,12,6,3,9,28,16,14,0,40,10,6,0,20,14
8,127,45,2,0,4,1,4,26,22,12,2,14,45,16,22,1,42,4,12,1,32,20
2,127,34,1,0,2,1,7,27,20,4,0,4,34,13,17,1,43,13,4,0,26,22
8,128,17,0,0,0,1,3,9,6,7,0,7,17,23,7,0,41,11,7,0,16,9
4,128,25,1,0,2,2,2,11,9,10,0,10,25,24,10,0,41,7,10,0,16,6
1,129,24,0,0,0,2,3,17,14,5,0,5,24,17,15,0,43,11,5,0,21,16
6,129,33,1,0,2,2,2,18,16,10,1,11,33,21,16,0,42,5,10,0,24,14
3,13,35,4,0,4,0,7,24,17,7,0,7,35,15,21,0,39,3,7,0,16,9
6,13,18,0,0,0,0,5,14,9,4,0,4,18,13,14,0,39,12,3,0,20,17
2,130,20,0,0,0,1,2,13,11,5,1,6,20,19,9,0,41,13,5,0,25,20
7,130,38,2,0,4,1,0,20,20,13,0,13,38,20,16,0,41,5,13,0,24,11
1,131,24,1,0,2,1,1,12,11,7,2,9,24,21,10,0,41,10,7,0,24,17
4,131,34,1,0,4,2,1,18,17,9,1,10,34,20,14,0,42,8,9,0,20,11
2,132,17,0,0,0,1,2,7,5,9,0,9,17,21,6,0,40,13,9,0,21,12
5,132,30,1,0,4,2,1,13,12,11,0,11,30,22,10,0,41,9,11,0,16,5
1,133,36,0,0,6,1,2,16,14,11,2,13,36,25,13,0,43,5,11,0,22,11
3,133,26,0,0,2,2,7,18,11,4,0,4,26,18,14,0,44,12,4,0,18,14
5,134,26,0,0,0,3,2,16,14,6,1,7,26,17,10,0,43,16,6,0,24,18
6,134,40,1,0,4,4,0,18,18,14,0,14,40,25,12,0,43,6,14,0,28,14
1,135,26,0,0,0,4,0,16,16,6,0,6,26,17,13,0,41,11,6,0,17,11
8,135,35,1,0,2,4,5,16,11,11,2,13,35,19,14,0,40,7,11,2,27,16
4,136,33,0,0,4,2,2,18,16,9,0,9,33,18,15,0,40,7,9,0,17,8
7,136,28,0,0,2,3,6,14,8,6,3,9,28,19,10,0,40,11,6,0,22,16
3,137,39,0,0,4,5,4,22,18,8,0,8,39,15,17,0,40,8,8,0,20,12
2,137,34,0,0,2,1,8,20,12,8,3,11,34,15,13,0,39,11,8,0,26,18
6,138,29,1,0,2,2,1,16,15,9,0,9,29,23,13,1,40,4,9,0,25,16
8,138,25,0,0,0,1,4,20,16,4,0,4,25,12,20,0,41,9,4,0,19,15
4,139,34,0,0,4,5,3,16,13,9,0,9,34,20,15,0,41,6,9,0,16,7
2,139,17,0,0,0,1,3,10,7,6,0,6,17,19,9,0,41,13,6,0,19,13
4,14,28,0,0,0,0,5,22,17,6,0,6,28,12,17,0,37,8,5,0,30,25
5,14,38,4,0,4,0,1,26,25,8,0,8,38,11,20,0,37,6,8,0,25,17
4,140,31,0,0,0,2,3,18,15,9,2,11,31,18,16,0,42,8,9,0,29,20
6,140,36,2,0,4,0,3,23,20,8,1,9,36,17,15,0,42,10,8,0,23,15
5,141,29,0,0,2,2,6,13,7,11,1,12,29,19,13,0,42,10,11,0,24,13
1,141,28,1,0,4,2,0,13,13,9,0,9,28,23,8,0,42,11,9,0,16,7
4,142,34,0,0,4,3,2,17,15,10,0,10,34,25,12,0,43,6,10,0,18,8
3,142,20,0,0,0,3,4,12,8,4,1,5,20,18,11,0,42,13,4,0,19,15
7,143,30,0,0,2,2,2,16,14,10,0,10,30,19,16,0,45,10,10,0,25,15
6,143,30,1,0,2,2,2,17,15,9,0,9,30,22,12,0,44,10,9,0,23,14
6,144,47,2,0,6,4,5,25,20,11,1,12,47,17,21,0,44,6,11,0,30,19
2,144,34,0,0,2,2,6,25,19,5,0,5,34,11,22,0,44,11,5,0,25,20
7,145,32,0,0,2,1,3,21,18,8,0,8,32,16,18,0,41,7,8,0,24,16
3,145,32,1,0,2,2,5,21,16,7,0,7,32,22,11,0,42,9,7,0,25,18
3,146,25,0,0,0,1,6,13,7,8,3,11,25,22,10,0,41,9,8,3,21,13
8,146,27,1,0,2,1,1,14,13,9,1,10,27,22,12,0,42,8,9,1,16,7
7,147,27,1,0,2,3,4,14,10,7,1,8,27,23,9,0,42,10,7,0,19,12
5,147,29,0,0,2,2,3,15,12,9,1,10,29,23,11,0,43,9,9,0,19,10
5,148,32,1,0,4,3,2,15,13,10,0,10,32,23,13,0,40,4,10,0,16,6
4,148,21,0,0,0,1,10,16,6,3,1,4,21,14,14,0,40,12,3,0,16,13
7,149,29,0,0,2,0,6,17,11,10,0,10,29,22,12,0,40,6,10,0,25,15
1,149,27,0,0,2,2,2,17,15,6,0,6,27,16,14,0,40,10,6,0,17,11
2,15,34,2,0,2,0,2,21,19,11,0,11,34,11,19,0,41,11,9,0,30,21
8,15,36,2,0,2,3,1,22,21,9,0,9,36,13,19,0,41,9,9,0,28,19
6,150,32,1,0,2,3,3,17,14,9,1,10,32,24,13,0,45,8,9,0,23,14
4,150,27,0,0,2,2,1,15,14,8,0,8,27,19,15,0,44,10,8,0,22,14
8,151,26,1,0,2,3,6,15,9,5,1,6,26,21,11,0,46,14,5,0,18,13
3,151,35,1,0,4,3,1,14,13,12,2,14,35,25,14,0,47,8,12,0,21,9
6,152,36,0,0,2,1,11,24,13,9,0,9,36,19,18,0,43,6,9,0,29,20
1,152,32,1,0,4,2,1,21,20,5,0,5,32,20,12,0,42,10,5,0,18,13
1,153,21,0,0,0,3,2,11,9,6,1,7,21,19,10,0,44,15,6,0,19,13
2,153,35,1,0,4,2,2,15,13,14,0,14,35,24,13,0,45,8,14,0,23,9
6,154,28,1,0,2,1,3,15,12,10,0,10,28,20,12,0,44,12,10,0,22,12
7,154,28,0,0,2,1,2,14,12,11,0,11,28,21,12,0,44,11,11,0,23,12
4,155,32,0,0,4,2,1,15,14,11,0,11,32,25,15,0,48,8,11,0,20,9
8,155,28,0,0,0,3,6,15,9,7,3,10,28,23,11,0,47,13,7,0,21,14
6,156,28,0,0,2,2,5,16,11,8,0,8,28,19,11,0,43,13,8,0,18,10
5,156,34,1,0,4,2,5,15,10,13,0,13,34,22,12,0,43,9,13,0,24,11
3,157,30,0,0,4,2,0,15,15,8,1,9,30,23,11,0,41,7,8,0,17,9
1,157,21,0,0,0,1,4,13,9,6,1,7,21,21,9,0,40,10,6,0,21,15
7,158,32,1,0,4,0,0,13,13,15,0,15,32,29,11,0,50,10,15,0,23,8
2,158,22,0,0,0,3,1,9,8,8,2,10,22,27,7,0,49,15,8,0,21,13
8,159,40,2,0,4,4,4,18,14,11,3,14,40,25,17,0,46,4,11,0,27,16
1,159,22,0,0,0,1,2,18,16,3,0,3,22,16,17,0,45,12,3,0,17,14
1,16,30,2,0,2,0,3,21,18,7,0,7,30,12,17,0,41,12,7,0,20,13
7,16,31,2,0,2,0,5,18,13,11,0,11,31,17,15,0,40,8,10,0,28,18
3,160,18,0,0,0,2,5,13,8,3,0,3,18,17,8,0,42,17,3,0,13,10
7,160,33,1,0,4,2,0,10,10,17,0,17,33,26,10,0,41,5,17,0,25,8
3,161,18,0,0,0,3,2,5,3,8,2,10,18,24,5,0,43,14,8,0,21,13
4,161,34,1,0,4,1,2,15,13,14,0,14,34,25,10,0,44,9,14,0,17,3
4,162,17,0,0,0,2,0,5,5,8,2,10,17,26,4,0,43,13,8,0,19,11
5,162,30,2,0,4,2,1,12,11,12,0,12,30,24,10,0,43,9,12,0,17,5
3,163,24,0,0,2,2,3,13,10,7,0,7,24,18,12,0,45,15,7,0,23,16
6,163,47,1,0,8,2,7,23,16,14,0,14,47,18,19,0,45,8,14,0,24,10
2,164,36,1,0,2,1,8,24,16,6,3,9,36,20,17,0,47,10,6,0,31,25
8,164,44,0,0,6,0,3,28,25,10,0,10,44,19,23,0,48,6,10,0,26,16
1,165,18,0,0,0,3,4,10,6,5,0,5,18,20,8,0,43,15,5,0,22,17
5,165,39,2,0,6,1,1,18,17,14,0,14,39,22,15,0,43,6,14,0,20,6
2,166,34,0,0,0,2,10,25,15,6,1,7,34,12,17,0,50,21,6,0,40,34
6,166,67,1,0,10,3,0,34,34,20,0,20,67,15,29,0,50,6,20,0,35,15
7,167,41,2,0,4,2,3,15,12,17,3,20,41,29,15,0,48,4,17,0,32,15
8,167,24,0,0,0,1,3,18,15,4,1,5,24,13,15,0,47,19,4,0,16,12
2,168,21,0,0,2,0,1,8,7,11,0,11,21,29,7,0,44,8,11,0,19,8
3,168,21,0,0,0,0,2,10,8,8,3,11,21,27,7,0,45,11,8,0,15,7
8,1685,25,0,0,0,0,8,15,7,9,1,10,25,15,14,0,40,11,9,1,24,15
5,1685,31,2,0,4,1,1,16,15,10,0,10,31,18,13,0,40,9,10,0,17,7
1,1686,34,1,0,2,0,5,17,12,10,5,15,34,17,14,0,42,11,10,5,23,13
6,1686,32,1,0,2,0,5,18,13,11,1,12,32,15,17,0,42,10,11,1,23,12
1,1687,24,0,0,0,2,10,17,7,4,1,5,24,13,9,1,39,17,4,2,20,16
31,1687,42,3,0,6,2,1,17,16,17,0,17,42,19,15,1,39,5,17,0,24,7
8,1688,26,0,0,0,3,6,15,9,8,0,8,26,13,15,0,42,14,8,0,24,16
29,1688,39,2,0,4,0,4,20,16,14,1,15,39,19,15,1,42,8,14,1,23,9
5,1689,23,0,0,0,0,6,18,12,4,1,5,23,16,14,0,41,11,4,1,27,23
3,1689,42,3,0,6,0,2,25,23,11,0,11,42,16,21,0,41,4,11,0,23,12
1,169,27,0,0,2,1,5,17,12,6,1,7,27,23,13,0,47,11,6,0,29,23
7,169,44,1,0,6,3,2,25,23,10,0,10,44,24,17,0,47,6,10,0,22,12
7,1690,24,0,0,0,0,2,14,12,9,1,10,24,17,11,0,41,13,9,1,24,15
28,1690,34,2,0,4,1,0,15,15,13,1,14,34,20,12,1,41,9,13,1,25,12
30,1691,17,0,0,0,2,4,10,6,5,0,5,17,18,8,0,41,15,5,0,27,22
4,1691,48,4,0,8,2,2,24,22,14,0,14,48,17,17,1,40,6,14,0,20,6
8,1692,33,0,0,0,0,9,27,18,4,2,6,33,14,19,1,39,6,4,2,20,16
2,1692,34,1,0,2,2,7,23,16,6,1,7,34,12,23,0,39,4,6,1,24,18
2,1693,30,1,0,2,6,2,13,11,8,1,9,30,17,10,0,38,11,8,2,18,10
29,1693,29,1,0,2,4,2,12,10,10,1,11,29,17,11,0,37,9,10,2,21,11
30,1694,19,0,0,0,2,8,12,4,5,0,5,19,17,9,0,41,15,5,0,27,22
31,1694,44,3,0,6,1,1,23,22,14,0,14,44,18,17,1,40,5,14,0,18,4
8,1695,22,0,0,0,4,2,10,8,7,1,8,22,16,9,0,39,14,7,2,17,10
6,1695,34,2,0,4,2,2,12,10,14,2,16,34,19,12,0,39,8,14,2,22,8
5,1696,33,2,0,4,2,1,15,14,10,2,12,33,20,12,0,40,8,10,2,18,8
7,1696,23,0,0,0,0,4,12,8,8,3,11,23,19,8,0,39,12,8,3,22,14
3,1697,27,1,0,2,3,0,12,12,10,0,10,27,23,11,0,43,9,10,0,21,11
4,1697,25,0,0,0,1,2,13,11,8,3,11,25,21,11,0,42,10,8,3,20,12
2,1698,41,2,0,4,6,3,22,19,8,1,9,41,15,17,0,37,5,8,1,20,12
28,1698,21,0,0,0,1,4,16,12,4,0,4,21,14,12,0,36,10,4,0,23,19
5,1699,26,1,0,2,5,3,15,12,4,0,4,26,19,12,0,39,8,4,1,16,12
1,1699,30,1,0,2,5,3,15,12,6,2,8,30,18,14,0,40,8,6,2,18,12
5,17,41,6,0,6,0,6,26,20,9,0,9,41,14,20,0,39,5,9,0,21,12
7,17,25,2,0,2,0,6,18,12,5,0,5,25,14,12,0,39,12,4,0,24,20
2,170,31,1,0,2,2,4,22,18,4,1,5,31,21,18,0,44,5,4,0,23,19
4,170,37,1,0,2,1,9,28,19,5,1,6,37,16,25,0,45,4,5,0,23,18
29,1700,23,0,0,0,4,0,9,9,9,1,10,23,19,9,0,39,11,9,2,15,6
6,1700,24,0,0,0,4,1,7,6,9,4,13,24,21,7,0,39,11,9,4,18,9
4,1701,43,3,0,6,3,2,22,20,11,1,12,43,15,17,3,39,7,11,1,22,11
7,1701,23,0,0,0,1,2,13,11,7,2,9,23,17,10,0,39,12,7,2,27,20
28,1702,21,0,0,0,0,3,12,9,9,0,9,21,17,10,0,42,15,9,0,24,15
3,1702,37,2,0,4,2,2,17,15,14,0,14,37,18,14,0,41,9,14,0,23,9
5,1703,23,0,0,0,2,4,10,6,9,2,11,23,17,8,0,39,14,9,2,19,10
30,1703,27,1,0,2,2,0,10,10,13,0,13,27,18,11,0,39,10,13,0,19,6
31,1704,31,1,0,2,2,6,17,11,10,0,10,31,16,14,0,39,9,10,0,23,13
2,1704,26,1,0,2,2,0,13,13,8,1,9,26,18,11,0,39,10,8,1,19,11
8,1705,20,0,0,0,1,2,9,7,10,0,10,20,22,10,0,43,11,10,0,14,4
30,1705,20,0,0,0,2,1,5,4,11,2,13,20,27,6,0,43,10,11,2,18,7
5,1706,32,2,0,4,1,0,15,15,10,2,12,32,23,9,2,39,7,10,2,20,10
31,1706,20,0,0,0,2,0,10,10,6,2,8,20,19,9,0,39,11,6,2,21,15
6,1707,21,0,0,0,2,3,12,9,6,1,7,21,14,10,0,40,16,6,1,18,12
3,1707,34,2,0,4,1,0,12,12,15,2,17,34,24,9,0,40,7,15,2,24,9
4,1708,42,2,0,4,3,6,29,23,6,0,6,42,8,24,0,40,8,6,1,33,27
1,1708,43,2,0,4,0,4,31,27,8,0,8,43,9,24,1,40,7,8,0,31,23
28,1709,28,1,0,2,0,5,16,11,9,1,10,28,19,12,0,42,11,9,1,26,17
29,1709,35,2,0,4,1,3,20,17,10,0,10,35,16,17,0,42,9,10,0,21,11
5,171,35,2,0,6,1,3,18,15,10,0,10,35,20,16,0,43,7,10,0,18,8
3,171,21,1,0,2,1,3,11,8,7,0,7,21,23,9,0,42,10,7,0,22,15
6,1710,20,1,0,2,0,2,11,9,7,0,7,20,16,8,1,42,18,7,0,22,15
7,1710,41,2,0,4,1,4,19,15,17,0,17,41,21,14,1,42,7,17,0,26,9
2,1711,35,2,0,4,2,3,21,18,8,0,8,35,16,17,1,37,4,8,0,24,16
3,1711,24,0,0,0,2,3,19,16,3,0,3,24,15,13,1,38,10,3,0,21,18
31,1712,31,1,0,2,0,1,21,20,7,1,8,31,10,16,0,39,13,7,1,19,12
7,1712,33,1,0,2,3,3,15,12,12,1,13,33,20,13,0,40,7,12,1,32,20
30,1713,28,1,0,2,1,2,13,11,10,2,12,28,16,12,0,39,11,10,2,20,10
29,1713,28,1,0,2,3,3,13,10,10,0,10,28,17,11,0,39,11,10,0,21,11
6,1714,26,1,0,2,0,3,18,15,5,1,6,26,16,15,1,42,11,5,1,20,15
28,1714,35,2,0,4,1,3,18,15,11,1,12,35,25,13,1,43,5,11,1,26,15
8,1715,26,0,0,0,0,1,16,15,9,1,10,26,15,12,1,40,13,9,1,23,14
1,1715,47,2,0,4,3,7,21,14,13,6,19,47,13,18,1,40,9,13,6,28,15
4,1716,32,2,0,4,1,5,17,12,10,0,10,32,14,14,1,39,11,10,0,21,11
5,1716,30,2,0,4,3,2,13,11,10,0,10,30,20,10,0,40,10,10,0,22,12
6,1717,41,3,0,6,2,2,17,15,15,1,16,41,19,16,0,40,5,15,1,24,9
30,1717,20,0,0,0,2,5,14,9,4,0,4,20,14,9,0,39,16,4,1,19,15
31,1718,28,1,0,2,3,3,14,11,8,1,9,28,18,11,0,42,13,8,1,20,12
29,1718,34,2,0,4,2,3,15,12,12,1,13,34,25,9,1,43,9,12,1,23,11
7,1719,30,0,0,0,1,8,22,14,6,1,7,30,12,21,0,43,10,6,1,22,16
2,1719,32,1,0,2,2,3,19,16,9,0,9,32,17,19,0,42,6,9,0,23,14
8,172,42,0,0,4,4,4,29,25,5,0,5,42,12,25,0,44,7,5,0,29,24
6,172,41,1,0,4,0,6,30,24,7,0,7,41,18,19,0,45,8,7,0,32,25
1,1720,30,1,0,2,2,3,17,14,9,0,9,30,15,15,0,41,11,9,0,22,13
28,1720,33,1,0,2,1,5,18,13,11,1,12,33,15,15,0,41,11,11,1,25,14
31,1721,24,0,0,0,1,7,15,8,8,0,8,24,12,12,0,40,16,8,0,16,8
8,1721,30,1,0,2,1,3,11,8,16,0,16,30,18,12,0,39,9,16,0,24,8
4,1722,29,1,0,2,3,3,13,10,10,1,11,29,16,11,0,38,11,10,1,18,8
8,1722,29,1,0,2,4,5,13,8,10,0,10,29,18,10,0,39,11,10,0,20,10
30,1723,35,2,0,4,0,2,16,14,14,1,15,35,19,13,0,42,10,14,1,25,11
1,1723,33,0,0,0,1,11,22,11,10,0,10,33,11,17,0,42,14,10,0,24,14
30,1724,33,1,0,2,0,11,21,10,10,0,10,33,16,13,0,41,12,10,0,24,14
28,1724,36,2,0,4,0,6,20,14,12,0,12,36,15,17,0,42,10,12,0,22,10
31,1725,26,0,0,0,0,5,15,10,6,5,11,26,17,14,0,40,9,6,5,21,15
4,1725,28,1,0,2,3,1,16,15,7,0,7,28,19,15,0,40,6,7,0,17,10
3,1726,33,2,0,4,0,0,16,16,13,0,13,33,19,15,0,39,5,13,0,23,10
7,1726,25,0,0,0,1,6,16,10,5,3,8,25,12,14,0,39,13,5,3,21,16
5,1727,34,1,0,2,2,8,24,16,5,1,6,34,18,16,1,42,8,5,2,20,15
6,1727,30,1,0,2,3,2,17,15,7,1,8,30,19,16,0,41,6,7,1,23,16
31,1728,19,0,0,0,2,1,8,7,9,0,9,19,19,6,0,38,13,9,0,14,5
3,1728,22,0,0,0,0,4,9,5,13,0,13,22,21,7,0,39,11,13,0,20,7
29,1729,21,0,0,0,0,4,15,11,6,0,6,21,19,12,0,41,10,6,0,19,13
1,1729,32,2,0,4,3,2,15,13,9,1,10,32,18,16,0,40,6,9,1,20,11
5,173,30,1,0,2,0,7,19,12,9,0,9,30,18,14,0,42,10,9,0,19,10
7,173,27,0,0,2,0,1,11,10,10,4,14,27,25,9,0,43,9,10,0,22,12
4,1730,30,1,0,2,2,5,19,14,6,1,7,30,17,14,1,38,7,6,1,20,14
2,1730,30,1,0,2,3,4,18,14,6,1,7,30,15,16,0,38,7,6,1,20,14
28,1731,29,0,0,0,4,4,22,18,3,0,3,29,10,20,1,41,11,3,0,23,20
8,1731,40,2,0,4,2,4,24,20,10,0,10,40,16,21,0,41,4,10,0,28,18
29,1732,31,1,0,2,1,4,18,14,10,0,10,31,19,14,1,44,11,10,0,21,11
7,1732,31,1,0,2,1,5,16,11,11,1,12,31,19,15,0,45,11,11,1,25,14
5,1733,27,1,0,2,1,3,14,11,8,2,10,27,18,12,0,39,9,8,2,21,13
28,1733,30,1,0,2,3,3,16,13,7,2,9,30,19,12,1,39,8,7,2,18,11
30,1734,31,1,0,2,0,3,18,15,10,1,11,31,23,13,0,42,6,10,1,22,12
3,1734,24,0,0,0,1,2,14,12,6,3,9,24,19,12,1,41,10,6,3,21,15
7,1735,31,1,0,2,0,1,13,12,16,0,16,31,24,10,0,41,7,16,0,32,16
1,1735,23,0,0,0,1,0,16,16,6,0,6,23,12,13,0,41,16,6,0,18,12
29,1736,26,1,0,2,2,1,16,15,6,0,6,26,19,14,0,42,9,6,0,12,6
3,1736,28,0,0,0,3,8,14,6,8,3,11,28,21,14,0,42,7,8,3,23,15
4,1737,35,2,0,4,0,5,20,15,11,0,11,35,19,18,0,42,5,11,0,25,14
6,1737,26,1,0,2,0,4,18,14,5,1,6,26,15,16,0,42,11,5,1,20,15
31,1738,29,1,0,2,0,5,16,11,11,0,11,29,22,13,0,43,8,11,0,23,12
6,1738,26,1,0,2,1,2,14,12,8,1,9,26,21,10,1,42,11,8,1,19,11
29,1739,24,0,0,0,4,2,14,12,6,0,6,24,15,12,0,39,12,6,0,19,13
5,1739,29,1,0,2,2,1,14,13,10,1,11,29,20,11,0,39,8,10,1,22,12
4,174,26,0,0,0,0,2,15,13,10,2,11,26,27,14,0,51,10,10,0,20,10
1,174,22,0,0,0,4,0,10,10,8,0,8,22,32,8,0,50,10,8,0,21,13
2,1740,33,1,0,2,0,12,21,9,10,0,10,33,17,16,0,43,10,10,0,24,14
1,1740,31,1,0,2,0,5,19,14,10,0,10,31,16,16,0,42,10,10,0,19,9
3,1741,21,0,0,0,1,3,6,3,9,5,14,21,22,5,0,39,12,9,5,15,6
8,1741,24,0,0,0,0,3,9,6,12,3,15,24,22,9,0,40,9,12,3,15,3
3,1742,30,1,0,2,3,4,13,9,10,2,12,30,17,11,0,44,16,10,2,25,15
1,1742,41,2,0,4,0,6,21,15,16,0,16,41,15,16,1,44,13,16,0,25,9
2,1743,36,2,0,4,2,5,20,15,10,0,10,36,18,16,0,42,8,10,0,22,12
30,1743,27,0,0,0,0,6,18,12,8,1,9,27,18,13,1,42,11,8,1,23,15
4,1744,33,1,0,2,2,3,24,21,5,0,5,33,12,21,1,40,7,5,0,24,19
28,1744,36,1,0,2,3,4,23,19,7,1,8,36,16,18,1,40,6,7,1,28,21
30,1745,35,2,0,4,1,0,20,20,10,0,10,35,20,16,0,44,8,10,0,23,13
7,1745,30,1,0,2,1,6,19,13,7,1,8,30,18,16,0,44,10,7,1,27,20
31,1746,25,0,0,0,1,4,16,12,6,2,8,25,12,15,0,41,14,6,2,25,19
28,1746,41,3,0,6,1,1,20,19,14,0,14,41,20,15,2,41,6,14,0,26,12
2,1747,40,3,0,6,0,2,18,16,16,0,16,40,18,15,0,41,8,16,0,23,7
5,1747,24,0,0,0,0,7,14,7,8,2,10,24,16,10,0,42,16,8,2,24,16
4,1748,35,2,0,4,0,1,21,20,10,0,10,35,19,18,0,43,6,10,0,22,12
29,1748,26,0,0,0,0,8,20,12,6,0,6,26,19,14,1,43,10,6,0,26,20
8,1749,27,0,0,0,0,4,10,6,10,7,17,27,22,9,0,45,14,10,7,21,11
7,1749,34,1,0,2,3,4,15,11,14,0,14,34,22,13,1,45,10,14,0,20,6
5,175,38,0,0,6,2,1,20,19,10,0,10,38,20,18,0,41,3,10,0,21,11
8,175,22,0,0,0,2,6,17,11,2,1,3,22,20,10,0,41,11,2,0,21,19
2,1750,38,2,0,4,0,9,23,14,11,0,11,38,16,18,0,41,7,11,0,29,18
6,1750,35,2,0,4,0,6,24,18,7,0,7,35,13,17,1,41,11,7,0,21,14
1,1751,23,0,0,0,1,4,9,5,10,3,13,23,21,9,0,44,14,10,3,20,10
31,1751,32,2,0,4,4,1,11,10,13,0,13,32,24,10,0,44,10,13,0,18,5
5,1752,47,4,0,8,2,1,22,21,15,0,15,47,23,17,1,43,3,15,0,20,5
3,1752,21,0,0,0,1,10,15,5,3,2,5,21,15,10,0,42,17,3,2,24,21
30,1753,32,1,0,2,2,1,12,11,14,2,16,32,24,11,0,46,11,14,2,23,9
4,1753,29,0,0,0,3,6,15,9,9,2,11,29,19,12,0,45,14,9,3,20,11
1,1754,33,1,0,2,1,4,22,18,7,1,8,33,15,17,0,42,10,7,1,18,11
29,1754,27,0,0,0,1,3,14,11,10,2,12,27,22,12,0,42,8,10,2,28,18
7,1755,27,0,0,0,1,1,18,17,7,1,8,27,14,14,0,43,15,7,1,25,18
28,1755,41,2,0,4,2,3,21,18,13,1,14,41,18,18,0,43,7,13,1,30,17
8,1756,35,1,0,2,3,4,21,17,8,1,9,35,17,20,0,44,7,8,1,27,19
29,1756,30,0,0,0,0,3,22,19,7,1,8,30,15,17,0,43,11,7,1,24,17
3,1757,44,2,0,4,5,7,22,15,11,2,13,44,19,14,2,44,11,11,3,31,20
2,1757,46,2,0,4,5,8,28,20,9,0,9,46,12,20,2,44,12,9,1,24,15
1,1758,40,1,0,2,1,3,24,21,10,3,13,40,14,21,0,46,11,10,3,24,14
6,1758,39,1,0,2,1,7,21,14,11,4,15,39,22,14,1,46,10,11,4,32,21
7,1759,33,2,0,4,5,3,12,9,10,2,12,33,20,10,1,42,12,10,2,24,14
5,1759,33,1,0,2,2,4,18,14,11,0,11,33,15,17,0,42,10,11,0,20,9
7,176,43,3,0,6,0,2,24,22,13,0,13,43,22,17,0,45,6,13,0,23,10
4,176,19,0,0,0,1,1,11,10,6,1,7,19,20,12,0,45,13,6,0,28,22
6,1760,29,1,0,2,0,4,19,15,6,2,8,29,21,13,0,47,13,6,2,24,18
30,1760,41,3,0,6,1,2,20,18,13,1,14,41,24,16,0,46,6,13,1,28,15
1,1761,40,2,0,4,1,6,28,22,7,0,7,40,18,18,1,44,8,7,0,30,23
8,1761,39,1,0,2,0,6,29,23,8,0,8,39,16,21,2,45,8,8,0,30,22
4,1762,25,0,0,0,0,4,17,13,8,0,8,25,19,14,0,41,8,8,0,21,13
31,1762,25,0,0,0,1,3,16,13,8,0,8,25,20,14,1,42,8,8,0,21,13
2,1763,25,0,0,0,1,9,19,10,5,0,5,25,12,15,0,40,13,5,0,26,21
28,1763,47,3,0,6,1,5,26,21,13,1,14,47,19,17,2,41,5,13,1,23,10
2,1764,50,3,0,6,4,7,32,25,8,0,8,50,8,29,1,41,4,8,0,21,13
29,1764,34,0,0,0,4,14,27,13,3,0,3,34,10,20,0,42,12,3,0,28,25
4,1765,42,2,0,4,1,7,27,20,9,1,10,42,11,18,3,42,13,9,1,24,15
7,1765,39,2,0,4,1,7,22,15,12,0,12,39,15,16,0,41,10,12,0,32,20
30,1766,33,2,0,4,1,3,16,13,12,0,12,33,23,13,0,41,5,12,0,24,12
31,1766,26,1,0,2,1,4,16,12,5,2,7,26,19,10,1,41,12,5,2,18,13
29,1767,25,0,0,0,1,5,18,13,5,1,6,25,16,16,0,45,13,5,1,30,25
6,1767,51,4,0,8,1,3,28,25,13,1,14,51,21,20,2,46,5,13,1,26,13
28,1768,32,1,0,2,0,4,17,13,12,1,13,32,18,12,1,42,12,12,1,25,13
3,1768,32,2,0,4,2,3,16,13,10,0,10,32,18,13,0,43,12,10,0,23,13
4,1769,29,1,0,2,1,3,16,13,9,1,10,29,20,14,1,40,6,9,1,22,13
5,1769,26,0,0,0,0,7,20,13,6,0,6,26,14,15,2,39,10,6,0,19,13
5,177,36,1,0,4,1,2,21,19,10,0,10,36,16,20,0,44,8,10,0,18,8
2,177,20,0,0,0,2,1,9,8,7,2,9,20,28,7,0,45,10,7,0,26,19
3,1770,33,0,0,0,1,7,23,16,6,3,9,33,19,16,1,44,9,6,3,26,20
6,1770,36,1,0,2,1,3,23,20,9,1,10,36,19,20,1,45,6,9,1,25,16
8,1771,27,1,0,2,1,7,15,8,7,2,9,27,14,11,0,41,16,7,2,22,15
5,1771,41,3,0,6,2,3,18,15,15,0,15,41,16,16,0,40,8,15,0,23,8
6,178,40,3,0,6,1,2,18,16,15,0,15,40,23,12,0,43,8,15,0,23,8
7,178,21,0,0,2,0,3,11,8,8,0,8,21,16,11,0,42,15,8,0,24,16
5,179,41,1,0,6,1,1,20,19,12,2,14,41,24,16,0,48,8,12,0,27,15
4,179,29,0,0,2,0,3,18,15,8,1,9,29,18,16,0,47,13,8,0,27,19
2,18,30,0,0,0,0,11,26,15,4,0,4,30,11,24,0,44,9,2,0,18,16
6,18,33,4,0,4,0,4,20,16,9,0,9,33,20,17,0,42,3,8,0,23,15
4,180,27,1,0,2,0,4,14,10,8,3,11,27,25,11,0,46,10,8,0,21,13
7,180,31,2,0,4,2,2,15,13,9,1,10,31,25,13,0,46,8,9,0,19,10
5,181,28,0,0,2,1,2,14,12,10,1,11,28,24,13,0,50,13,10,0,24,14
6,181,31,1,0,2,1,2,16,14,12,0,12,31,29,12,0,51,10,12,0,24,12
7,182,12,0,0,0,2,5,8,3,2,0,2,12,1,4,0,8,3,2,0,6,4
8,182,25,5,0,10,3,5,9,4,3,0,3,25,0,6,0,8,2,3,0,6,3
5,183,36,2,0,4,7,5,17,12,7,1,8,36,18,17,0,43,8,7,0,21,14
3,183,34,2,0,4,4,5,19,14,7,0,7,34,18,12,0,42,12,7,0,19,12
1,184,24,1,0,2,2,0,11,11,8,1,9,24,24,9,0,41,8,8,0,17,9
4,184,23,1,0,2,2,3,12,9,7,0,7,23,23,8,0,40,9,7,0,18,11
7,185,41,3,0,6,3,0,22,22,10,0,10,41,23,16,0,42,3,10,0,18,8
5,185,19,0,0,0,1,6,14,8,3,1,4,19,20,11,0,41,10,3,0,25,22
4,186,31,2,0,4,3,1,14,13,10,0,10,31,20,12,0,39,7,10,0,18,8
2,186,23,0,0,0,2,5,13,8,5,3,8,23,19,8,0,38,11,5,0,18,13
7,187,24,0,0,0,0,7,17,10,7,0,7,24,21,14,0,44,9,7,0,22,15
6,187,30,2,0,4,0,1,16,15,9,1,10,30,23,14,0,44,7,9,0,19,10
7,188,27,1,0,2,0,2,18,16,7,0,7,27,24,16,0,48,8,7,0,18,11
2,188,27,1,0,2,1,3,14,11,8,2,10,27,29,12,0,48,7,8,0,24,16
3,189,28,1,0,2,5,0,11,11,9,1,10,28,20,9,0,40,11,9,0,19,10
8,189,24,0,0,0,3,2,12,10,9,0,9,24,19,9,0,39,11,9,0,20,11
1,19,32,0,0,0,0,11,22,11,10,0,10,32,11,16,0,41,14,8,0,27,19
5,19,43,6,0,6,2,3,22,19,13,0,13,43,13,18,0,40,9,13,0,24,11
5,190,34,1,0,2,2,6,19,13,7,4,11,34,18,12,0,40,10,7,0,27,20
6,190,36,2,0,4,1,1,21,20,10,0,10,36,18,14,0,39,7,10,0,23,13
3,191,28,1,0,2,1,5,18,13,7,0,7,28,17,15,0,41,9,7,0,17,10
1,191,28,2,0,4,2,3,13,10,9,0,9,28,22,11,0,41,8,9,0,22,13
5,192,27,1,0,2,1,4,14,10,10,0,10,27,24,11,0,45,10,10,0,20,10
2,192,25,1,0,2,0,3,13,10,10,0,10,25,24,9,0,44,11,10,0,20,10
3,193,36,1,0,2,1,4,24,20,6,3,9,36,23,16,0,47,8,6,0,23,17
4,193,33,1,0,2,2,4,21,17,8,0,8,33,23,18,0,47,6,8,0,28,20
2,194,32,2,0,4,1,1,11,10,13,3,16,32,26,10,0,44,8,13,0,23,10
1,194,24,0,0,0,1,4,14,10,8,1,9,24,19,12,0,45,14,8,0,18,10
3,195,28,0,0,0,0,9,22,13,5,1,6,28,16,14,0,43,13,5,0,21,16
7,195,33,2,0,4,0,0,16,16,13,0,13,33,22,15,0,42,5,13,0,26,13
8,196,33,2,0,4,1,3,19,16,8,1,9,33,19,14,0,41,8,8,0,27,19
6,196,35,1,0,2,1,4,23,19,7,2,9,35,15,17,0,41,9,7,0,23,16
4,197,18,0,0,0,4,2,8,6,6,0,6,18,19,8,0,39,12,6,0,14,8
5,197,26,1,0,2,0,3,11,8,12,1,13,26,24,9,0,39,6,12,0,18,6
1,198,29,0,0,0,1,3,14,11,12,2,14,29,24,9,0,43,10,12,0,25,13
7,198,27,1,0,2,2,0,13,13,8,2,10,27,22,8,0,42,12,8,0,19,11
8,199,35,2,0,4,0,0,18,18,13,0,13,35,21,14,0,42,7,13,0,18,5
4,199,18,0,0,0,3,4,9,5,6,0,6,18,21,8,0,42,13,6,0,24,18
1,2,42,6,0,6,0,1,23,22,13,0,13,42,10,18,0,40,11,13,0,21,8
2,2,28,0,0,0,0,7,15,8,13,0,13,28,10,14,0,41,17,11,0,33,22
2,20,29,2,0,2,0,2,17,15,10,0,10,29,9,15,0,40,16,9,0,25,16
3,20,36,4,0,4,0,2,18,16,14,0,14,36,15,15,0,40,10,14,0,29,15
8,200,28,1,0,2,2,2,20,18,4,0,4,28,19,18,0,43,6,4,0,17,13
1,200,30,1,0,2,2,5,18,13,6,2,8,30,23,15,0,44,6,6,0,25,19
2,201,26,0,0,0,1,7,21,14,4,0,4,26,19,14,0,46,13,4,0,30,26
3,201,51,4,0,8,2,1,27,26,12,2,14,51,22,20,0,46,4,12,0,26,14
8,202,35,2,0,4,1,1,19,18,11,0,11,35,26,14,0,46,6,11,0,26,15
5,202,30,1,0,2,0,7,22,15,6,0,6,30,18,17,0,46,11,6,0,24,18
6,203,31,1,0,2,1,3,18,15,7,3,10,31,24,13,0,44,7,7,0,18,11
1,203,25,0,0,0,1,4,15,11,7,2,9,25,25,11,0,44,8,7,0,22,15
1,204,23,1,0,2,0,3,13,10,7,1,8,23,22,12,0,42,8,7,0,18,11
5,204,24,1,0,2,1,3,14,11,7,0,7,24,22,13,0,42,7,7,0,17,10
6,205,35,1,0,2,1,3,17,14,10,5,15,35,24,13,0,45,8,10,0,20,10
4,205,21,0,0,0,0,3,13,10,8,0,8,21,24,11,0,45,10,8,0,22,14
4,206,31,1,0,2,4,3,16,13,9,0,9,31,18,16,0,43,9,9,0,26,17
7,206,38,2,0,4,4,3,20,17,9,1,10,38,15,19,0,43,9,9,0,22,13
6,207,15,0,0,0,0,1,9,8,6,0,6,15,20,8,0,44,16,6,0,16,10
2,207,33,2,0,4,5,1,11,10,13,0,13,33,27,10,0,43,6,13,0,21,8
2,208,23,0,0,0,2,2,10,8,8,3,11,23,27,7,0,45,11,8,0,17,9
8,208,28,1,0,2,3,3,12,9,11,0,11,28,26,11,0,45,8,11,0,19,8
6,209,21,0,0,0,1,0,9,9,9,2,11,21,22,8,0,42,12,9,0,16,7
3,209,26,0,0,0,1,1,8,7,11,6,17,26,26,7,0,42,9,11,0,20,9
2,21,45,6,0,6,0,3,26,23,13,0,13,45,14,19,0,39,6,13,0,35,22
4,21,35,4,0,4,0,4,26,22,5,0,5,35,3,22,0,38,13,5,0,28,23
1,210,24,0,0,0,1,4,17,13,6,0,6,24,20,12,0,43,11,6,0,18,12
8,210,32,2,0,4,1,2,14,12,11,2,13,32,24,14,0,44,6,11,0,24,13
7,211,34,1,0,2,4,4,21,17,7,0,7,34,17,16,0,47,14,7,0,16,9
4,211,34,1,0,2,2,3,12,9,13,5,18,34,27,10,0,47,10,13,0,30,17
1,212,22,1,0,2,1,2,13,11,6,0,6,22,22,8,0,38,8,6,0,15,9
3,212,24,1,0,2,1,3,12,9,8,1,9,24,23,10,0,39,6,8,0,19,11
3,213,23,0,0,0,3,3,14,11,6,0,6,23,15,12,0,38,11,6,0,18,12
5,213,29,1,0,2,1,4,16,12,10,0,10,29,18,15,0,39,6,10,0,21,11
1,214,23,0,0,0,1,4,11,7,9,2,11,23,15,10,0,43,18,9,0,22,13
6,214,38,3,0,6,1,1,14,13,17,0,17,38,22,11,0,42,9,17,0,24,7
8,215,32,1,0,2,2,6,15,9,13,0,13,32,23,12,0,44,9,13,0,28,15
7,215,29,1,0,2,3,1,16,15,7,1,8,29,18,12,0,43,13,7,0,16,9
1,216,20,0,0,0,0,6,17,11,3,0,3,20,22,12,0,45,11,3,0,20,17
2,216,40,3,0,6,3,4,21,17,10,0,10,40,27,15,0,45,3,10,0,21,11
4,217,32,1,0,2,0,2,19,17,11,0,11,32,20,13,0,39,6,11,0,24,13
3,217,25,0,0,0,2,5,18,13,5,0,5,25,16,13,0,40,11,5,0,22,17
6,218,34,2,0,4,1,1,13,12,14,2,16,34,26,8,0,43,9,14,0,23,9
5,218,24,0,0,0,1,5,14,9,8,1,9,24,18,11,0,44,15,8,0,20,12
7,219,27,0,0,0,2,5,19,14,6,0,6,27,20,13,0,44,11,6,0,23,17
3,219,33,2,0,4,3,1,18,17,8,0,8,33,24,14,0,44,6,8,0,22,14
6,22,34,0,0,0,5,3,25,22,4,0,4,34,13,19,0,37,4,4,0,22,18
7,22,26,0,0,0,0,4,22,18,4,0,4,26,15,19,0,38,4,3,0,25,22
4,220,27,0,0,0,2,5,16,11,9,0,9,27,20,13,0,44,11,9,0,21,12
6,220,33,1,0,2,3,5,17,12,9,2,11,33,18,14,0,43,11,9,0,20,11
4,221,34,1,0,2,3,5,19,14,8,2,10,34,21,14,0,43,8,8,0,25,17
8,221,34,1,0,2,2,5,22,17,8,0,8,34,19,16,0,44,9,8,0,22,14
8,222,36,1,0,2,3,4,18,14,12,1,13,36,25,10,0,43,8,12,0,27,15
2,222,28,1,0,2,3,1,16,15,7,0,7,28,22,8,0,43,13,7,0,21,14
4,223,25,1,0,2,2,1,13,12,8,0,8,25,26,12,0,46,8,8,0,19,11
1,223,27,0,0,0,1,6,17,11,8,1,9,27,22,15,0,46,9,8,0,20,12
5,224,34,2,0,4,2,1,18,17,10,0,10,34,18,17,0,43,8,10,0,24,14
7,224,31,1,0,2,2,5,19,14,7,1,8,31,16,15,0,42,11,7,0,24,17
3,225,24,1,0,2,1,0,14,14,7,0,7,24,21,13,0,41,7,7,0,15,8
2,225,22,0,0,0,1,6,14,8,6,1,7,22,24,9,0,40,7,6,0,20,14
5,226,25,1,0,2,0,3,14,11,7,2,9,25,23,10,0,42,9,7,0,20,13
8,226,25,1,0,2,2,0,13,13,8,0,8,25,24,12,0,43,7,8,0,19,11
3,227,29,2,0,4,3,0,13,13,8,1,9,29,23,13,0,40,4,8,0,17,9
6,227,22,0,0,0,3,7,16,9,3,0,3,22,17,14,0,39,8,3,0,16,13
5,228,27,1,0,2,3,4,19,15,3,0,3,27,14,17,0,42,11,3,0,15,12
4,228,31,2,0,4,1,3,15,12,11,0,11,31,24,14,0,43,5,11,0,26,15
6,229,31,2,0,4,0,3,17,14,9,1,10,31,23,13,0,44,8,9,0,21,12
7,229,28,1,0,2,0,5,17,12,8,1,9,28,21,14,0,44,9,8,0,22,14
4,23,39,2,0,2,0,9,29,20,8,0,8,39,14,22,0,42,6,7,0,29,22
8,23,34,2,0,2,0,4,26,22,6,0,6,34,11,21,0,40,8,5,0,25,20
5,230,27,1,0,2,1,4,14,10,9,1,10,27,17,12,0,41,12,9,0,17,8
1,230,28,2,0,4,3,2,10,8,11,0,11,28,23,8,0,41,10,11,0,21,10
2,231,41,3,0,6,2,2,22,20,11,0,11,41,21,21,0,45,3,11,0,17,6
4,231,20,0,0,0,1,9,15,6,3,1,4,20,20,14,0,45,11,3,0,23,20
8,232,35,2,0,4,4,4,16,12,11,0,11,35,23,11,0,41,7,11,0,22,11
3,232,23,0,0,0,1,4,15,11,6,1,7,23,15,12,0,40,13,6,0,18,12
2,233,31,0,0,0,1,9,20,11,7,3,10,31,24,11,0,44,9,7,0,24,17
6,233,32,1,0,2,3,1,18,17,9,0,9,32,17,18,0,43,8,9,0,20,11
6,234,25,0,0,0,0,3,16,13,7,2,9,25,16,11,0,44,17,7,0,28,21
8,234,46,3,0,6,0,2,23,21,17,0,17,46,21,17,0,45,7,17,0,30,13
2,235,34,0,0,0,2,6,21,15,6,5,11,34,23,18,0,48,7,6,0,29,23
7,235,39,2,0,4,6,1,24,23,5,0,5,39,16,23,0,47,8,5,0,20,15
7,236,36,2,0,4,2,1,17,16,13,0,13,36,24,15,0,48,9,13,0,23,10
1,236,33,1,0,2,1,8,18,10,9,3,12,33,21,14,0,49,14,9,0,25,16
2,237,34,2,0,4,3,6,19,13,8,0,8,34,21,14,0,46,11,8,0,21,13
5,237,38,2,0,4,2,8,21,13,11,0,11,38,22,17,0,47,8,11,0,24,13
6,238,37,1,0,2,1,3,20,17,10,4,14,37,24,17,0,52,11,10,0,23,13
7,238,33,1,0,2,2,4,17,13,11,1,12,33,27,14,0,52,11,11,0,28,17
8,239,24,0,0,0,2,6,18,12,4,0,4,24,16,14,0,40,10,4,0,20,16
3,239,34,2,0,4,3,0,16,16,10,1,11,34,22,13,0,39,4,10,0,22,12
5,24,37,2,0,2,0,5,21,16,14,0,14,37,11,17,0,37,9,13,0,30,17
6,24,37,2,0,2,0,5,22,17,13,0,13,37,8,17,0,38,13,9,0,25,16
8,240,35,2,0,4,4,2,21,19,6,0,6,35,17,17,0,45,11,6,0,24,18
7,240,40,2,0,4,3,5,23,18,10,0,10,40,21,18,0,45,6,10,0,29,19
6,241,37,2,0,4,1,3,20,17,9,3,12,37,22,16,0,43,5,9,0,22,13
3,241,29,0,0,0,4,8,21,13,4,0,4,29,18,15,0,43,10,4,0,21,17
3,25,48,4,0,4,3,5,30,25,11,0,11,48,14,20,0,39,5,11,0,26,15
8,25,29,2,0,2,1,5,20,15,6,0,6,29,13,16,0,41,12,5,0,30,25
2,26,28,2,0,2,0,4,23,19,3,0,3,28,12,20,0,39,7,3,0,19,16
6,26,30,2,0,2,0,5,21,16,7,0,7,30,17,19,0,41,5,7,0,26,19
3,27,36,4,0,4,0,2,19,17,13,0,13,36,13,17,0,37,6,11,0,23,12
4,27,23,0,0,0,1,3,15,12,7,0,7,23,15,8,0,36,13,6,0,23,17
1,28,33,4,0,4,0,1,22,21,7,0,7,33,14,19,0,40,6,7,0,23,16
6,28,33,2,0,2,0,9,25,16,6,0,6,33,11,21,0,41,9,5,0,26,21
8,286,32,1,0,2,0,5,19,14,11,0,11,32,19,17,0,45,9,11,0,21,10
29,286,27,0,0,0,2,6,16,10,8,1,9,27,17,16,0,44,11,8,1,22,14
5,287,21,0,0,0,3,5,11,6,7,0,7,21,18,11,0,43,14,7,0,19,12
7,287,33,2,0,4,2,0,12,12,13,2,15,33,27,10,1,44,7,13,2,19,6
3,288,26,1,0,2,5,3,15,12,4,0,4,26,18,12,0,42,12,4,0,14,10
2,288,30,2,0,4,1,3,13,10,12,0,12,30,24,13,0,43,6,12,0,24,12
8,289,29,1,0,2,1,4,18,14,8,0,8,29,19,13,0,40,8,8,0,22,14
6,289,35,1,0,2,1,8,22,14,8,2,10,35,14,17,1,39,8,8,2,22,14
7,29,34,2,0,2,0,4,25,21,7,0,7,34,15,18,0,41,8,6,0,29,23
8,29,41,4,0,4,0,6,29,23,8,0,8,41,15,23,0,44,6,7,0,28,21
5,290,29,1,0,2,0,4,16,12,10,1,11,29,21,11,1,41,9,10,1,23,13
28,290,28,1,0,2,1,3,16,13,9,0,9,28,14,16,0,40,10,9,0,21,12
8,291,21,0,0,0,2,7,15,8,4,0,4,21,16,13,0,39,10,4,0,17,13
1,291,31,2,0,4,0,4,17,13,10,0,10,31,24,12,1,40,4,10,0,18,8
31,292,26,2,0,4,3,0,10,10,9,0,9,26,26,11,0,43,6,9,0,17,8
2,292,20,1,0,2,2,3,11,8,5,0,5,20,23,9,0,42,10,5,0,15,10
8,293,18,0,0,0,1,1,13,12,4,0,4,18,16,13,0,40,11,4,0,18,14
30,293,31,1,0,2,1,3,17,14,10,1,11,31,23,14,1,41,4,10,1,22,12
31,294,27,1,0,2,2,2,14,12,8,1,9,27,25,11,0,44,8,8,1,19,11
28,294,27,1,0,2,0,5,16,11,8,1,9,27,23,13,1,45,9,8,1,20,12
8,295,24,0,0,0,1,4,16,12,6,1,7,24,22,14,0,42,6,6,1,22,16
4,295,30,1,0,2,3,3,19,16,6,0,6,30,21,14,1,41,6,6,0,18,12
8,296,36,1,0,2,4,6,20,14,9,1,10,36,14,17,0,45,14,9,1,27,18
6,296,43,2,0,4,4,4,22,18,10,3,13,43,18,18,0,46,10,10,3,24,14
1,297,32,2,0,4,0,2,15,13,11,2,13,32,24,13,0,45,8,11,2,23,12
29,297,31,2,0,4,3,4,16,12,8,0,8,31,17,16,0,44,11,8,0,21,13
7,298,26,1,0,2,2,0,14,14,8,0,8,26,24,12,0,42,6,8,0,16,8
2,298,21,0,0,0,4,3,11,8,5,1,6,21,23,11,0,43,9,5,1,19,14
5,299,36,2,0,4,2,3,15,12,12,3,15,36,22,11,1,41,8,12,3,19,7
2,299,22,0,0,0,5,3,10,7,7,0,7,22,21,7,0,41,13,7,0,19,12
1,3,39,4,0,4,1,5,20,15,14,0,14,39,15,14,0,41,12,13,0,26,13
7,3,34,2,0,2,1,7,20,13,11,0,11,34,14,13,0,41,13,10,0,25,15
1,30,32,2,0,2,2,1,20,19,8,0,8,32,13,17,0,41,11,8,0,21,13
5,30,27,0,0,0,0,5,18,13,9,0,9,27,16,15,0,40,9,9,0,28,19
1,300,27,1,0,2,4,1,17,16,4,0,4,27,16,12,0,38,10,4,0,16,12
30,300,32,1,0,2,3,6,18,12,9,0,9,32,18,15,1,37,4,9,0,25,16
4,301,40,3,0,6,3,0,22,22,9,0,9,40,19,21,0,43,3,9,0,20,11
30,301,20,0,0,0,3,2,13,11,3,1,4,20,19,12,0,43,12,3,1,25,22
1,302,32,0,0,0,5,13,22,9,4,1,5,32,15,18,0,43,10,4,0,26,22
6,302,46,4,0,8,2,2,24,22,10,2,12,46,15,21,0,42,6,10,2,19,9
31,303,20,0,0,0,1,1,10,9,8,1,9,20,21,7,1,41,13,8,1,17,9
28,303,32,1,0,2,4,1,10,9,12,4,16,32,24,8,0,41,9,12,4,21,9
1,304,21,1,0,2,2,2,10,8,7,0,7,21,24,11,0,42,7,7,0,18,11
8,304,21,0,0,0,1,3,14,11,6,0,6,21,23,11,0,42,8,6,0,14,8
1,305,31,1,0,2,3,4,14,10,10,2,12,31,23,10,1,41,8,10,2,21,11
4,305,25,1,0,2,0,4,15,11,8,0,8,25,18,12,0,40,10,8,0,18,10
7,306,28,0,0,0,2,3,18,15,7,1,8,28,15,14,1,41,12,7,1,17,10
3,306,30,1,0,2,4,2,12,10,11,1,12,30,20,13,0,41,8,11,1,26,15
1,307,24,1,0,2,1,4,15,11,6,0,6,24,19,14,0,43,10,6,0,14,8
29,307,29,1,0,2,1,8,16,8,9,1,10,29,24,14,0,44,6,9,1,20,11
31,308,39,3,0,6,1,0,19,19,13,0,13,39,22,15,0,43,6,13,0,19,6
5,308,21,0,0,0,3,7,13,6,4,1,5,21,21,9,0,44,14,4,1,23,19
8,309,32,1,0,2,2,3,19,16,9,0,9,32,15,16,1,43,12,9,0,25,16
30,309,39,1,0,2,4,6,22,16,10,1,11,39,13,19,1,42,10,10,1,26,16
4,31,29,2,0,2,1,5,19,14,7,0,7,29,10,17,0,39,12,7,0,25,18
7,31,38,4,0,4,1,1,19,18,14,0,14,38,14,15,0,37,8,10,0,24,14
31,310,29,1,0,2,3,3,17,14,7,0,7,29,24,13,0,46,9,7,0,14,7
2,310,25,1,0,2,3,5,12,7,8,0,8,25,29,8,1,47,10,8,0,22,14
6,311,27,0,0,0,3,3,18,15,5,1,6,27,14,18,0,40,8,5,1,16,11
30,311,27,0,0,0,2,5,16,11,8,1,9,27,20,15,0,41,6,8,1,23,15
31,312,27,1,0,2,4,2,8,6,13,0,13,27,25,7,0,42,10,13,0,19,6
3,312,20,0,0,0,5,3,9,6,6,0,6,20,19,8,0,41,14,6,0,12,6
4,313,17,0,0,0,1,4,10,6,5,1,6,17,20,9,0,43,14,5,1,19,14
7,313,34,2,0,4,5,1,15,14,10,0,10,34,26,12,0,44,6,10,0,16,6
31,314,27,1,0,2,1,1,13,12,9,2,11,27,22,11,0,43,10,9,2,16,7
1,314,24,1,0,2,1,3,10,7,9,2,11,24,26,7,0,43,10,9,2,21,12
28,315,25,0,0,0,3,5,12,7,8,2,10,25,21,12,0,43,10,8,2,18,10
29,315,25,1,0,2,1,2,12,10,9,1,10,25,25,10,0,44,9,9,1,16,7
31,316,29,1,0,2,1,3,17,14,9,0,9,29,23,13,1,43,7,9,0,19,10
8,316,19,0,0,0,2,2,12,10,5,0,5,19,23,10,0,42,9,5,0,19,14
2,317,30,0,0,0,0,6,24,18,5,1,6,30,20,17,1,46,9,5,1,18,13
29,317,29,1,0,2,1,2,15,13,8,3,11,29,26,14,0,45,5,8,3,26,18
31,318,26,1,0,2,0,5,21,16,3,0,3,26,19,16,1,41,6,3,0,18,15
4,318,26,1,0,2,2,2,17,15,5,0,5,26,23,15,1,41,3,5,0,21,16
30,319,34,2,0,4,1,1,23,22,6,0,6,34,15,17,2,40,8,6,0,24,18
5,319,37,2,0,4,0,7,25,18,8,0,8,37,16,18,0,40,6,8,0,30,22
1,32,26,2,0,2,0,3,15,12,9,0,9,26,16,11,0,40,13,8,0,19,11
2,32,25,2,0,2,0,1,12,11,11,0,11,25,18,11,0,39,9,10,0,22,12
1,320,28,2,0,4,1,6,15,9,8,0,8,28,14,13,0,39,12,8,0,17,9
3,320,30,2,0,4,3,4,13,9,10,0,10,30,19,12,1,39,8,10,0,19,9
8,321,37,2,0,4,1,2,18,16,11,3,14,37,20,13,2,43,10,11,3,23,12
5,321,32,1,0,2,3,6,18,12,9,0,9,32,18,14,0,43,11,9,0,25,16
30,322,29,0,0,0,4,3,11,8,9,5,14,29,19,10,0,45,16,9,4,23,14
28,322,36,2,0,4,3,1,15,14,13,1,14,36,22,13,0,45,10,13,1,21,8
6,323,42,2,0,4,1,6,31,25,5,1,6,42,12,22,2,46,12,5,1,25,20
7,323,47,2,0,4,2,9,29,20,12,0,12,47,19,21,1,45,5,12,0,37,25
30,324,22,0,0,0,3,4,12,8,5,2,7,22,23,10,0,41,8,5,2,17,12
3,324,24,1,0,2,2,0,12,12,8,0,8,24,23,11,1,42,8,8,0,16,8
31,325,35,2,0,4,1,1,13,12,17,0,17,35,26,12,0,47,9,17,0,24,7
7,325,21,0,0,0,0,4,11,7,9,1,10,21,20,9,0,46,17,9,1,21,12
30,326,31,0,0,0,1,9,20,11,9,1,10,31,16,18,1,46,12,9,1,22,13
4,326,32,1,0,2,3,4,17,13,10,0,10,32,25,13,0,47,9,10,0,21,11
28,327,27,1,0,2,1,3,16,13,8,0,8,27,27,13,0,48,8,8,0,20,12
2,327,25,1,0,2,0,2,14,12,8,1,9,25,27,11,0,47,9,8,1,21,13
30,328,33,1,0,2,2,3,19,16,9,1,10,33,23,15,1,51,13,9,1,25,16
29,328,33,1,0,2,1,0,16,16,13,1,14,33,25,16,0,50,9,13,1,29,16
30,329,25,0,0,0,2,1,13,12,9,1,10,25,24,10,0,46,12,9,1,17,8
8,329,23,0,0,0,1,2,10,8,11,1,12,23,27,9,0,47,11,11,0,23,12
3,33,48,6,0,6,0,2,26,24,16,0,16,48,10,23,0,39,6,14,0,26,12
7,33,22,0,0,0,0,4,16,12,6,0,6,22,13,13,0,41,15,6,0,30,24
5,330,36,1,0,2,4,7,17,10,10,3,13,36,15,13,1,41,13,10,3,29,19
3,330,39,3,0,6,3,0,19,19,11,0,11,39,18,12,2,41,11,11,0,21,10
4,331,36,1,0,2,1,9,22,13,10,1,11,36,17,18,0,48,13,10,1,25,15
6,331,36,2,0,4,1,3,18,15,12,1,13,36,23,16,1,49,10,12,1,25,13
6,332,35,2,0,4,0,0,18,18,12,1,13,35,22,14,1,46,10,12,1,21,9
29,332,24,0,0,0,1,5,14,9,9,0,9,24,21,12,0,45,12,9,0,27,18
5,333,24,1,0,2,1,2,13,11,8,0,8,24,23,10,0,43,10,8,0,20,12
7,333,26,1,0,2,2,2,14,12,8,0,8,26,22,12,0,43,9,8,0,19,11
4,334,32,1,0,2,2,3,17,14,9,2,11,32,21,12,1,43,10,9,2,19,10
1,334,26,0,0,0,1,5,15,10,10,0,10,26,19,13,1,42,10,10,0,24,14
5,335,32,0,0,0,1,10,26,16,5,0,5,32,17,19,0,46,10,5,0,23,18
2,335,33,2,0,4,0,1,19,18,10,0,10,33,21,18,0,45,6,10,0,26,16
1,336,64,5,0,10,1,6,37,31,15,1,16,64,7,31,1,43,5,15,1,25,10
30,336,24,0,0,0,2,8,18,10,4,0,4,24,14,14,0,43,15,4,0,35,31
5,337,23,0,0,0,0,6,12,6,6,5,11,23,18,10,0,44,16,6,5,27,21
31,337,45,3,0,6,3,2,23,21,13,0,13,45,23,16,1,45,6,13,0,19,6
5,338,38,1,0,2,1,6,21,15,10,4,14,38,24,15,1,47,8,10,4,27,17
28,338,32,1,0,2,2,4,21,17,7,0,7,32,21,14,0,46,11,7,0,22,15
8,339,33,1,0,2,3,5,12,7,13,3,16,33,29,11,0,50,10,13,3,25,12
29,339,28,1,0,2,2,4,16,12,8,0,8,28,23,15,0,51,13,8,0,15,7
2,34,34,4,0,4,0,1,19,18,11,0,11,34,15,15,0,38,7,10,0,23,13
5,34,22,0,0,0,0,5,18,13,4,0,4,22,12,15,0,38,10,4,0,22,18
5,340,36,1,0,2,2,10,25,15,6,1,7,36,21,19,0,45,5,6,1,24,18
3,340,32,2,0,4,5,0,18,18,5,0,5,32,20,18,1,44,6,5,0,20,15
4,341,41,1,0,2,3,11,27,16,8,1,9,41,18,21,0,49,10,8,1,27,19
6,341,38,2,0,4,2,4,23,19,8,1,9,38,20,19,0,49,10,8,1,24,16
31,342,36,1,0,2,2,4,24,20,8,0,8,36,14,22,0,46,10,8,0,30,22
28,342,42,2,0,4,2,3,25,22,9,2,11,42,20,17,1,46,9,9,2,29,20
4,343,26,1,0,2,0,2,15,13,9,0,9,26,23,15,0,44,6,9,0,20,11
30,343,26,0,0,0,2,8,19,11,4,1,5,26,23,13,1,45,9,4,1,17,13
31,344,25,0,0,0,2,4,14,10,7,2,9,25,16,13,0,43,14,7,2,19,12
3,344,31,2,0,4,4,0,12,12,11,0,11,31,23,11,0,43,9,11,0,21,10
4,345,29,1,0,2,3,5,15,10,9,0,9,29,25,13,1,47,9,9,0,19,10
29,345,25,1,0,2,0,3,13,10,9,1,10,25,24,12,0,46,10,9,1,19,10
6,346,47,4,0,8,1,1,30,29,8,0,8,47,17,21,2,44,6,8,0,17,9
3,346,21,0,0,0,1,6,15,9,5,0,5,21,23,11,0,43,9,5,0,34,29
4,347,29,1,0,2,0,5,22,17,5,0,5,29,16,16,1,44,12,5,0,21,16
28,347,36,2,0,4,4,4,20,16,8,0,8,36,24,14,1,43,5,8,0,25,17
2,348,38,2,0,4,2,3,26,23,6,0,6,38,17,24,0,45,4,6,0,22,16
1,348,30,1,0,2,1,6,22,16,4,1,5,30,17,20,0,44,7,4,1,27,23
4,349,31,1,0,2,5,5,19,14,5,0,5,31,18,19,0,47,10,5,0,23,18
5,349,37,2,0,4,0,4,22,18,10,1,11,37,24,16,1,47,7,10,1,24,14
6,35,34,4,0,4,0,5,23,18,7,0,7,34,15,19,0,42,7,7,0,20,13
7,35,29,2,0,2,1,7,20,13,6,0,6,29,17,16,0,41,8,5,0,23,18
8,350,37,2,0,4,3,4,20,16,9,1,10,37,16,12,3,44,16,9,1,25,16
7,350,42,3,0,6,3,2,18,16,14,1,15,42,18,17,0,45,10,14,1,30,16
4,351,31,2,0,4,1,4,18,14,8,0,8,31,21,17,0,44,6,8,0,24,16
2,351,31,1,0,2,1,6,22,16,6,0,6,31,19,18,1,45,8,6,0,20,14
28,352,41,2,0,4,1,8,23,15,13,0,13,41,20,19,0,49,10,13,0,29,16
6,352,41,2,0,4,0,10,26,16,10,1,11,41,15,19,2,48,14,10,1,25,15
31,353,30,2,0,4,3,1,12,11,10,1,11,30,20,11,0,43,12,10,1,22,12
30,353,30,1,0,2,0,3,15,12,12,1,13,30,24,10,2,44,10,12,1,23,11
6,354,41,1,0,2,2,9,31,22,6,0,6,41,14,22,1,46,10,6,0,36,30
5,354,51,3,0,6,1,4,34,30,9,1,10,51,13,27,0,46,6,9,1,31,22
28,355,38,2,0,4,1,3,24,21,9,0,9,38,22,16,3,43,5,9,0,26,17
1,355,31,0,0,0,1,7,24,17,5,1,6,31,12,23,0,44,9,5,1,26,21
1,356,24,1,0,2,1,1,6,5,14,1,15,24,26,5,0,43,12,14,1,20,6
7,356,20,0,0,0,2,1,7,6,10,1,11,20,22,6,0,42,14,10,1,15,5
28,357,19,0,0,0,3,3,12,9,3,1,4,19,21,11,0,47,15,3,1,18,15
8,357,37,2,0,4,4,1,16,15,13,0,13,37,27,15,0,47,5,13,0,22,9
4,358,32,1,0,2,3,7,22,15,3,2,5,32,15,20,0,45,10,3,2,16,13
8,358,31,2,0,4,2,4,17,13,8,0,8,31,26,13,1,44,5,8,0,23,15
28,359,27,1,0,2,1,1,14,13,9,1,10,27,26,9,1,43,8,9,1,19,10
2,359,24,1,0,2,3,3,13,10,6,0,6,24,23,10,0,43,10,6,0,19,13
1,36,28,0,0,0,0,5,19,14,9,0,9,28,18,18,0,43,7,7,0,22,15
8,36,28,2,0,2,0,3,18,15,8,0,8,28,17,17,0,41,7,7,0,21,14
29,360,34,2,0,4,2,1,18,17,10,0,10,34,24,14,2,47,9,10,0,24,14
30,360,33,1,0,2,0,8,22,14,9,0,9,33,23,15,1,48,10,9,0,26,17
28,361,22,0,0,0,0,4,14,10,4,4,8,22,24,11,0,45,10,4,4,25,21
7,361,38,2,0,4,4,1,22,21,8,0,8,38,24,18,1,46,4,8,0,18,10
28,362,27,1,0,2,0,4,16,12,9,0,9,27,29,14,0,48,5,9,0,26,17
3,362,27,1,0,2,0,2,19,17,5,1,6,27,24,14,1,47,9,5,1,17,12
6,363,46,4,0,8,2,0,24,24,12,0,12,46,16,19,1,45,10,12,0,21,9
8,363,30,1,0,2,3,8,17,9,8,0,8,30,18,13,0,44,13,8,0,32,24
5,364,28,0,0,0,4,4,17,13,6,1,7,28,23,10,1,44,11,6,1,25,19
31,364,39,2,0,4,1,2,21,19,11,2,13,39,20,16,1,44,8,11,2,24,13
1,365,26,1,0,2,0,3,15,12,9,0,9,26,20,13,0,42,9,9,0,14,5
8,365,26,0,0,0,1,7,12,5,8,5,13,26,22,10,0,41,9,8,5,20,12
6,366,45,3,0,6,5,4,26,22,8,0,8,45,15,19,1,45,11,8,0,29,21
30,366,42,2,0,4,3,6,27,21,8,0,8,42,15,20,1,44,9,8,0,30,22
3,367,36,2,0,4,2,2,17,15,11,2,13,36,25,11,2,45,9,11,2,21,10
2,367,25,0,0,0,1,5,15,10,9,0,9,25,18,14,0,45,13,9,0,24,15
6,368,37,2,0,4,1,5,23,18,9,0,9,37,18,20,0,44,6,9,0,26,17
4,368,37,1,0,2,1,10,27,17,6,1,7,37,11,24,0,45,10,6,1,24,18
7,369,37,2,0,4,0,1,16,15,16,1,17,37,24,14,0,46,8,16,1,27,11
28,369,25,0,0,0,0,5,16,11,8,1,9,25,16,13,0,45,16,8,1,23,15
3,37,41,2,0,2,2,7,25,18,12,0,12,41,12,20,0,42,10,10,0,28,18
4,37,31,2,0,2,1,2,20,18,8,0,8,31,10,16,0,36,10,8,0,26,18
6,370,36,2,0,4,3,3,22,19,7,0,7,36,21,20,1,47,6,7,0,24,17
1,370,32,1,0,2,3,5,22,17,4,1,5,32,19,19,0,47,9,4,1,23,19
6,371,41,2,0,4,3,7,26,19,8,0,8,41,20,18,1,47,9,8,0,25,17
29,371,39,1,0,2,0,10,27,17,9,1,10,39,17,21,0,48,10,9,1,28,19
3,372,26,0,0,0,1,4,17,13,8,0,8,26,18,12,2,43,13,8,0,18,10
28,372,30,1,0,2,0,3,13,10,13,2,15,30,24,11,1,43,8,13,2,26,13
6,373,41,1,0,2,3,11,30,19,4,2,6,41,16,19,3,44,9,4,2,30,26
30,373,46,2,0,4,2,6,32,26,8,0,8,46,16,24,2,45,5,8,0,27,19
2,374,28,1,0,2,3,4,15,11,8,0,8,28,23,12,1,44,9,8,0,23,15
5,374,30,1,0,2,3,2,17,15,8,0,8,30,20,16,0,44,8,8,0,19,11
1,375,29,1,0,2,1,1,15,14,10,1,11,29,20,12,0,44,12,10,1,22,12
4,375,33,1,0,2,1,6,18,12,12,0,12,33,20,14,1,44,10,12,0,26,14
2,376,29,1,0,2,2,4,17,13,8,0,8,29,20,14,0,43,9,8,0,24,16
7,376,34,2,0,4,0,3,19,16,9,2,11,34,21,13,1,43,9,9,2,22,13
4,377,32,1,0,2,2,6,21,15,6,1,7,32,18,15,1,46,13,6,1,19,13
29,377,33,1,0,2,2,1,14,13,12,3,15,33,26,13,0,46,7,12,3,27,15
2,378,24,0,0,0,2,7,13,6,7,2,9,24,15,10,0,44,19,7,2,22,15
28,378,42,3,0,6,3,0,15,15,17,1,18,42,22,14,0,44,8,17,1,23,6
31,379,34,2,0,4,1,3,20,17,9,0,9,34,19,18,0,45,8,9,0,29,20
29,379,35,1,0,2,0,5,25,20,8,0,8,35,16,20,1,45,9,8,0,25,17
3,38,28,0,0,0,0,8,22,14,6,0,6,28,3,16,0,35,16,5,0,29,24
6,38,51,8,0,8,1,1,25,24,17,0,17,51,15,15,0,37,7,15,0,29,14
2,380,34,2,0,4,3,1,15,14,9,3,12,34,21,14,0,45,10,9,3,22,13
6,380,36,2,0,4,2,6,19,13,10,1,11,36,21,14,1,45,10,10,1,24,14
8,381,41,1,0,2,1,7,27,20,11,0,11,41,16,25,0,45,4,11,0,34,23
3,381,34,1,0,2,4,2,25,23,3,0,3,34,15,19,0,45,11,3,0,23,20
2,382,16,0,0,0,0,2,11,9,5,0,5,16,19,9,0,42,14,5,0,25,20
30,382,45,3,0,6,1,5,25,20,13,0,13,45,20,18,1,43,5,13,0,22,9
1,383,30,0,0,0,4,8,20,12,6,0,6,30,13,17,0,43,13,6,0,24,18
5,383,42,2,0,4,2,5,23,18,12,1,13,42,18,17,2,42,7,12,1,24,12
2,384,22,0,0,0,0,7,13,6,9,0,9,22,25,9,0,46,12,9,0,30,21
8,384,44,3,0,6,0,5,26,21,12,0,12,44,18,20,1,47,9,12,0,18,6
29,385,20,0,0,0,1,2,10,8,7,2,9,20,22,8,0,43,13,7,2,19,12
7,385,33,2,0,4,4,0,12,12,11,2,13,33,26,11,1,44,7,11,1,19,8
31,386,30,1,0,2,1,2,13,11,13,1,14,30,25,10,1,47,12,13,1,22,9
6,386,29,0,0,0,3,4,13,9,9,4,13,29,24,10,0,47,13,9,4,20,11
7,387,34,2,0,4,0,2,21,19,9,0,9,34,20,11,3,40,9,9,0,24,15
30,387,33,1,0,2,1,5,20,15,9,1,10,33,15,16,1,40,9,9,1,28,19
29,388,26,0,0,0,3,6,15,9,6,2,8,26,24,13,0,46,9,6,2,20,14
3,388,27,1,0,2,2,1,15,14,8,0,8,27,24,14,0,46,8,8,0,17,9
3,389,31,1,0,2,0,7,22,15,7,0,7,31,24,16,1,47,7,7,0,23,16
4,389,32,1,0,2,1,6,22,16,7,0,7,32,22,18,0,47,7,7,0,22,15
5,39,42,2,0,2,1,13,33,20,6,0,6,42,11,28,0,44,5,4,0,33,29
8,39,42,6,0,6,0,4,33,29,3,0,3,42,11,25,0,41,5,3,0,23,20
29,390,30,1,0,2,2,2,19,17,7,0,7,30,24,15,0,46,7,7,0,22,15
5,390,33,1,0,2,2,5,20,15,7,2,9,33,23,16,0,46,7,7,2,24,17
2,391,22,0,0,0,2,6,16,10,4,0,4,22,21,11,0,43,11,4,0,27,23
31,391,42,3,0,6,3,2,25,23,8,0,8,42,15,23,0,42,4,8,0,18,10
29,392,37,1,0,2,4,10,28,18,3,0,3,37,13,23,1,48,12,3,0,31,28
8,392,58,4,0,8,3,8,36,28,10,1,11,58,18,27,2,49,4,10,1,28,18
5,393,30,0,0,0,4,8,23,15,3,0,3,30,16,16,1,45,13,3,0,24,21
28,393,41,2,0,4,2,3,24,21,11,0,11,41,21,20,0,45,4,11,0,26,15
29,394,33,0,0,0,1,6,25,19,7,0,7,33,18,22,0,47,7,7,0,26,19
30,394,37,1,0,2,4,6,25,19,5,1,6,37,20,19,1,47,8,5,1,24,19
29,395,35,1,0,2,2,6,24,18,6,1,7,35,12,21,0,46,13,6,1,26,20
1,395,45,3,0,6,3,4,24,20,11,1,12,45,19,21,0,47,7,11,0,29,18
3,396,23,0,0,0,4,1,11,10,6,2,8,23,23,10,0,45,12,6,2,19,13
31,396,29,1,0,2,1,2,15,13,11,0,11,29,24,14,0,46,8,11,0,21,10
7,397,19,0,0,0,1,2,8,6,10,0,10,19,23,8,0,44,13,10,0,18,8
4,397,25,1,0,2,1,1,9,8,12,1,13,25,26,7,0,44,11,12,1,18,6
28,398,32,1,0,2,4,5,25,20,1,0,1,32,19,22,1,46,5,1,0,19,18
8,398,30,1,0,2,1,4,22,18,5,0,5,30,21,21,0,46,4,5,0,25,20
3,399,36,2,0,4,2,2,18,16,12,0,12,36,14,15,0,43,14,12,0,22,10
5,399,32,1,0,2,5,4,14,10,11,0,11,32,18,14,0,44,12,11,0,27,16
4,4,24,0,0,0,0,2,17,15,7,0,7,24,14,15,0,39,10,7,0,25,18
5,4,35,2,0,2,0,6,24,18,9,0,9,35,12,19,0,39,8,9,0,24,15
4,40,29,2,0,2,0,2,18,16,9,0,9,29,16,15,0,39,8,9,0,24,15
6,40,27,0,0,0,0,4,19,15,8,0,8,27,15,16,0,41,10,7,0,23,16
31,400,33,1,0,2,3,4,13,9,14,1,15,33,23,10,1,43,10,14,1,24,10
6,400,29,1,0,2,1,6,16,10,9,1,10,29,18,11,0,43,14,9,1,18,9
3,401,30,1,0,2,4,4,17,13,5,2,7,30,11,16,0,43,16,5,2,17,12
7,401,38,2,0,4,2,2,14,12,16,2,18,38,22,15,0,44,7,16,2,29,13
5,402,35,1,0,2,2,8,20,12,9,2,11,35,18,16,1,46,12,9,2,25,16
29,402,38,1,0,2,3,5,21,16,12,0,12,38,18,19,0,47,10,12,0,24,12
3,403,34,1,0,2,4,2,19,17,7,2,9,34,23,12,2,46,11,7,1,22,15
2,403,35,1,0,2,5,2,17,15,7,4,11,35,25,13,0,46,8,7,2,24,17
2,404,32,1,0,2,6,4,18,14,6,0,6,32,20,15,1,43,8,6,0,24,18
1,404,35,1,0,2,3,5,23,18,6,1,7,35,18,20,0,44,6,6,1,20,14
3,405,27,0,0,0,5,6,15,9,7,0,7,27,20,14,0,46,12,7,0,26,19
28,405,37,2,0,4,1,0,19,19,12,1,13,37,21,16,1,46,9,12,1,21,9
3,406,32,0,0,0,2,4,25,21,5,0,5,32,13,20,0,44,11,5,0,31,26
30,406,53,3,0,6,6,6,32,26,9,0,9,53,13,23,3,43,7,9,0,30,21
7,407,20,0,0,0,4,2,11,9,3,2,5,20,18,9,0,42,15,3,1,23,20
31,407,44,3,0,6,1,2,22,20,15,0,15,44,22,16,2,43,5,15,0,24,9
4,408,34,2,0,4,0,3,20,17,10,0,10,34,25,16,1,46,5,10,0,26,16
29,408,30,0,0,0,0,9,25,16,5,0,5,30,19,18,1,47,10,5,0,22,17
29,409,40,2,0,4,0,4,25,21,11,0,11,40,22,19,0,46,5,11,0,28,17
6,409,37,1,0,2,0,12,29,17,5,1,6,37,15,20,0,46,11,5,1,26,21
7,41,23,0,0,0,0,6,22,16,1,0,1,23,10,16,0,40,14,1,0,32,31
8,41,58,8,0,8,1,4,35,31,14,0,14,58,10,27,0,38,1,12,0,28,16
7,410,43,3,0,6,1,2,23,21,12,1,13,43,16,18,0,41,7,12,1,25,13
5,410,24,0,0,0,1,4,17,13,6,0,6,24,15,14,0,41,12,6,0,27,21
1,411,38,2,0,4,2,6,17,11,13,2,15,38,17,18,0,44,9,13,2,27,14
30,411,32,1,0,2,3,5,19,14,7,1,8,32,16,15,0,44,13,7,1,18,11
7,412,34,1,0,2,3,5,23,18,5,1,6,34,22,13,2,45,10,5,1,20,15
2,412,31,1,0,2,1,4,19,15,9,0,9,31,22,16,0,45,7,9,0,27,18
7,413,27,0,0,0,2,4,16,12,7,2,9,27,19,11,1,43,13,7,2,18,11
28,413,31,1,0,2,4,2,13,11,12,0,12,31,23,12,1,43,8,12,0,24,12
6,414,29,0,0,0,0,3,19,16,8,2,10,29,19,15,0,43,9,8,2,23,15
1,414,29,1,0,2,0,3,18,15,9,0,9,29,20,14,0,42,8,9,0,25,16
7,415,38,2,0,4,1,2,15,13,18,0,18,38,25,13,0,45,7,18,0,25,7
3,415,15,0,0,0,0,1,8,7,7,0,7,15,21,7,0,46,18,7,0,20,13
8,416,37,2,0,4,1,7,21,14,10,1,11,37,17,19,0,46,10,10,1,25,15
4,416,37,2,0,4,5,5,20,15,8,0,8,37,19,17,0,46,10,8,0,22,14
7,417,22,0,0,0,3,2,8,6,11,0,11,22,26,8,0,43,9,11,0,23,12
31,417,23,0,0,0,1,1,13,12,8,1,9,23,20,12,0,43,11,8,1,14,6
7,418,40,2,0,4,1,4,18,14,15,2,17,40,17,15,0,42,10,15,2,33,18
30,418,38,2,0,4,3,5,23,18,8,0,8,38,11,16,1,43,16,8,0,22,14
6,419,69,5,0,10,1,5,44,39,14,0,14,69,12,31,3,46,3,14,0,29,15
28,419,30,0,0,0,2,10,25,15,3,0,3,30,13,19,0,46,14,3,0,42,39
2,42,26,0,0,0,0,7,20,13,6,0,6,26,8,19,0,40,13,6,0,30,24
8,42,42,6,0,6,0,2,26,24,10,0,10,42,10,23,0,39,6,10,0,23,13
31,420,42,3,0,6,1,3,21,18,14,0,14,42,23,18,0,47,6,14,0,20,6
4,420,17,0,0,0,2,2,8,6,5,2,7,17,24,8,0,47,15,5,2,23,18
7,421,32,1,0,2,4,4,15,11,11,0,11,32,19,14,0,42,9,11,0,33,22
6,421,42,3,0,6,4,1,23,22,7,2,9,42,14,17,1,42,11,7,1,18,11
4,422,44,1,0,2,3,15,33,18,6,0,6,44,12,25,2,48,11,6,0,30,24
6,422,47,3,0,6,3,4,28,24,10,0,10,47,19,24,1,49,6,10,0,28,18
31,423,38,1,0,2,4,9,27,18,5,0,5,38,12,20,1,45,13,5,0,29,24
6,423,55,4,0,8,2,8,32,24,12,1,13,55,16,23,3,45,6,12,1,30,18
1,43,29,2,0,2,0,2,15,13,12,0,12,29,17,11,0,38,10,10,0,28,18
3,43,35,4,0,4,0,3,21,18,10,0,10,35,12,17,0,39,10,9,0,22,13
4,44,28,0,0,0,0,8,20,12,8,0,8,28,12,18,0,40,10,6,0,26,20
6,44,36,4,0,4,1,0,20,20,11,0,11,36,14,17,0,40,8,10,0,22,12
3,45,30,2,0,2,0,1,18,17,10,0,10,30,16,17,0,40,7,10,0,27,17
5,45,31,2,0,2,0,3,20,17,9,0,9,31,10,20,0,41,11,7,0,24,17
4,46,34,4,0,4,0,2,16,14,14,0,14,34,21,13,0,42,8,12,0,31,19
8,46,33,4,0,4,1,1,20,19,8,0,8,33,12,19,0,43,12,8,0,22,14
2,47,30,2,0,2,0,4,19,15,9,0,9,30,12,14,0,38,12,9,0,29,20
3,47,39,6,0,6,1,2,22,20,10,0,10,39,12,17,0,39,10,10,0,25,15
6,48,26,2,0,2,0,5,16,11,8,0,8,26,19,13,0,40,8,7,0,26,19
8,48,28,4,0,4,0,0,19,19,5,0,5,28,15,18,0,42,8,5,0,16,11
3,49,30,4,0,4,0,1,15,14,11,0,11,30,13,14,0,39,11,11,0,18,7
7,49,21,2,0,2,0,1,8,7,11,0,11,21,17,8,0,39,13,10,0,24,14
2,5,35,2,0,2,0,5,23,18,10,0,10,35,14,21,0,40,5,10,0,27,17
7,5,31,2,0,2,0,5,22,17,7,0,7,31,13,16,0,39,10,5,0,23,18
1,50,33,4,0,4,1,0,14,14,14,0,14,33,18,10,0,37,9,14,0,22,8
4,50,23,0,0,0,0,3,11,8,12,0,12,23,13,8,0,37,16,8,0,22,14
2,51,29,4,0,4,0,1,14,13,11,0,11,29,17,11,0,40,12,11,0,25,14
5,51,37,4,0,4,0,5,19,14,14,0,14,37,12,15,0,39,12,12,0,25,13
2,52,44,6,0,6,1,4,24,20,13,0,13,44,15,21,0,40,3,13,0,27,14
7,52,22,0,0,0,1,4,18,14,3,0,3,22,12,16,0,41,13,3,0,23,20
1,53,28,2,0,2,0,3,20,17,6,0,6,28,18,17,0,44,9,6,0,20,14
6,53,33,2,0,2,1,4,18,14,12,0,12,33,22,13,0,44,9,9,0,26,17
1,54,26,2,0,2,0,3,12,9,12,0,12,26,22,8,0,41,11,12,0,24,12
8,54,25,2,0,2,0,1,13,12,10,0,10,25,19,10,0,41,12,10,0,19,9
5,55,36,2,0,2,0,5,21,16,13,0,13,36,14,14,0,40,12,13,0,25,12
7,55,35,2,0,2,1,7,19,12,13,0,13,35,15,14,0,42,13,12,0,28,16
1,56,30,2,0,2,0,4,22,18,6,0,6,30,14,18,0,42,9,6,0,21,15
3,56,29,2,0,2,0,2,17,15,10,0,10,29,23,15,0,44,6,9,0,27,18
3,57,36,6,0,6,0,1,16,15,14,0,14,36,20,13,0,39,6,13,0,22,9
6,57,17,0,0,0,0,1,10,9,7,0,7,17,18,7,0,40,15,5,0,20,15
1,58,22,2,0,2,0,2,11,9,9,0,9,22,19,7,0,39,13,9,0,15,6
5,58,26,2,0,2,0,3,9,6,15,0,15,26,22,8,0,39,9,12,0,21,9
1,59,22,0,0,0,0,2,10,8,12,0,12,22,17,9,0,44,18,10,0,18,8
6,59,29,2,0,2,1,0,8,8,18,0,18,29,27,7,0,44,10,18,0,26,8
5,6,34,2,0,2,0,13,23,10,9,0,9,34,15,22,0,44,7,9,0,31,22
8,6,35,4,0,4,0,2,24,22,7,0,7,35,13,20,0,43,10,7,0,17,10
3,60,34,4,0,4,0,0,17,17,13,0,13,34,20,13,0,39,6,11,0,26,15
5,60,22,0,0,0,1,2,17,15,4,0,4,22,15,13,0,40,12,4,0,21,17
5,62,29,0,0,0,3,2,10,8,11,5,16,29,22,7,0,41,12,11,0,18,7
3,62,28,1,0,2,4,0,7,7,11,4,15,28,20,7,0,40,13,11,0,19,8
29,625,42,3,0,6,1,3,24,21,10,1,11,42,19,19,1,40,2,10,1,29,19
6,625,26,1,0,2,1,2,21,19,2,0,2,26,12,18,0,40,10,2,0,23,21
7,626,32,0,0,0,0,6,21,15,10,1,11,32,18,16,0,44,10,10,1,28,18
5,626,32,1,0,2,1,2,20,18,9,0,9,32,17,16,1,43,10,9,0,24,15
7,627,34,2,0,4,5,3,16,13,9,0,9,34,19,13,0,42,10,9,0,17,8
28,627,22,0,0,0,2,3,11,8,9,0,9,22,20,11,0,42,11,9,1,22,13
29,628,32,2,0,4,1,8,22,14,5,0,5,32,15,18,0,44,11,5,0,18,13
30,628,37,2,0,4,5,5,18,13,10,0,10,37,23,17,0,45,5,10,0,24,14
2,629,32,1,0,2,1,5,19,14,10,0,10,32,18,16,0,45,11,10,0,22,12
31,629,32,1,0,2,2,5,17,12,9,2,11,32,20,14,0,45,11,9,2,23,14
1,63,33,2,0,4,3,1,16,15,10,0,10,33,21,11,0,42,10,10,0,17,7
4,63,25,1,0,2,3,2,9,7,8,3,11,25,24,8,0,44,12,8,0,23,15
29,630,28,0,0,0,1,4,16,12,10,1,11,28,15,15,0,44,14,10,1,24,14
8,630,33,1,0,2,1,2,16,14,14,0,14,33,17,16,0,43,10,14,0,26,12
5,631,39,2,0,4,3,6,22,16,9,1,10,39,16,17,0,43,10,9,1,20,11
3,631,32,1,0,2,6,3,14,11,9,1,10,32,21,11,1,43,11,9,2,25,16
29,632,37,1,0,2,0,10,30,20,5,0,5,37,7,26,0,44,11,5,0,30,25
1,632,48,2,0,4,1,6,31,25,10,2,12,48,20,19,3,44,5,10,2,30,20
3,633,29,0,0,0,0,8,22,14,7,0,7,29,15,20,0,42,7,7,0,29,22
2,633,40,2,0,4,1,5,27,22,6,2,8,40,17,19,1,43,7,6,2,20,14
29,634,27,0,0,0,1,6,18,12,6,2,8,27,14,16,0,41,11,6,2,23,17
4,634,36,2,0,4,4,1,18,17,10,0,10,36,20,15,1,41,6,10,0,22,12
1,635,37,2,0,4,0,4,20,16,12,1,13,37,13,15,0,41,13,12,1,17,5
30,635,27,0,0,0,1,9,14,5,12,0,12,27,17,11,0,40,12,12,0,28,16
28,636,32,1,0,2,3,1,13,12,14,0,14,32,22,13,0,44,9,14,0,25,11
31,636,25,0,0,0,0,5,16,11,9,0,9,25,14,13,0,44,17,9,0,21,12
6,637,43,2,0,4,2,7,29,22,6,2,8,43,13,24,2,43,6,6,2,25,19
30,637,37,1,0,2,1,9,28,19,6,0,6,37,17,21,2,44,6,6,0,28,22
7,638,37,1,0,2,2,10,24,14,8,1,9,37,14,20,0,45,11,8,1,25,17
2,638,41,2,0,4,4,6,23,17,10,0,10,41,16,19,0,45,10,10,0,24,14
28,639,26,0,0,0,2,12,19,7,4,1,5,26,13,16,0,45,16,4,1,28,24
5,639,53,4,0,8,1,5,29,24,15,0,15,53,18,23,1,45,4,15,0,22,7
8,64,36,1,0,4,1,1,21,20,10,0,10,36,13,19,0,39,7,10,0,21,11
2,64,27,0,0,0,2,5,16,11,6,3,9,27,16,13,0,39,10,6,0,26,20
8,640,34,0,0,0,2,8,17,9,14,1,15,34,20,13,1,45,12,14,1,23,9
30,640,29,0,0,0,2,7,16,9,10,1,11,29,15,15,0,44,14,10,1,19,9
28,641,27,0,0,0,2,9,21,12,4,0,4,27,14,15,1,46,17,4,0,20,16
7,641,45,3,0,6,3,4,20,16,16,0,16,45,23,19,0,46,4,16,0,28,12
4,642,30,1,0,2,5,6,16,10,7,0,7,30,20,12,0,42,10,7,1,11,4
8,642,25,0,0,0,2,6,10,4,10,3,13,25,20,11,0,42,11,10,3,20,10
28,643,33,0,0,0,4,6,22,16,6,1,7,33,14,17,1,40,9,6,1,26,20
3,643,36,1,0,2,1,2,22,20,8,3,11,36,19,16,1,41,6,8,3,24,16
1,644,44,2,0,4,2,8,26,18,12,0,12,44,20,16,2,44,8,12,0,27,15
29,644,35,1,0,2,1,7,22,15,7,3,10,35,9,20,0,43,14,7,3,25,18
28,645,32,0,0,0,1,6,22,16,7,2,9,32,18,16,2,44,10,7,2,30,23
5,645,42,2,0,4,0,4,27,23,10,1,11,42,17,21,1,45,7,10,1,26,16
28,646,34,1,0,2,1,5,19,14,11,1,12,34,22,14,2,43,7,11,1,25,14
2,646,31,0,0,0,0,7,21,14,7,3,10,31,16,15,0,43,12,7,3,21,14
7,647,28,0,0,0,4,4,17,13,5,2,7,28,22,13,1,46,11,5,3,20,15
31,647,34,1,0,2,3,3,18,15,10,1,11,34,22,16,1,45,7,10,1,23,13
6,648,31,1,0,2,2,6,19,13,8,0,8,31,17,15,0,45,13,8,0,19,11
8,648,35,1,0,2,3,4,15,11,13,2,15,35,22,14,0,45,9,13,2,26,13
7,649,29,0,0,0,2,4,9,5,12,6,18,29,28,6,0,47,13,12,6,21,9
3,649,25,1,0,2,0,0,9,9,13,1,14,25,24,9,0,47,14,13,1,18,5
5,65,36,1,0,4,0,3,21,18,10,1,11,36,21,14,0,42,7,10,0,23,13
1,65,23,0,0,2,0,1,14,13,7,0,7,23,21,11,0,42,10,7,0,25,18
30,650,40,1,0,2,5,11,25,14,8,0,8,40,11,21,1,44,12,8,0,25,17
4,650,40,1,0,2,1,8,25,17,12,0,12,40,14,20,0,43,9,12,0,26,14
7,651,33,1,0,2,4,7,19,12,6,2,8,33,20,17,1,44,7,6,3,23,17
5,651,32,1,0,2,1,4,21,17,7,1,8,32,19,17,1,44,8,7,1,19,12
2,652,39,2,0,4,7,3,18,15,10,0,10,39,23,17,0,43,3,10,1,27,17
4,652,30,0,0,0,3,8,25,17,2,0,2,30,16,15,0,43,12,2,0,17,15
7,653,27,0,0,0,5,6,12,6,9,1,10,27,20,12,0,40,8,9,1,21,12
1,653,25,1,0,2,0,1,13,12,8,2,10,25,18,13,0,41,10,8,2,14,6
5,654,41,3,0,6,1,3,22,19,12,0,12,41,18,18,1,41,5,12,0,20,8
8,654,20,0,0,0,1,5,13,8,5,1,6,20,15,13,0,41,13,5,1,24,19
7,655,31,0,0,0,3,10,21,11,6,1,7,31,14,19,0,42,9,6,1,26,20
29,655,36,2,0,4,0,3,23,20,9,0,9,36,18,18,0,43,7,9,0,20,11
1,656,42,2,0,4,2,1,29,28,7,0,7,42,12,24,2,40,4,7,0,21,14
28,656,34,0,0,0,2,14,28,14,4,0,4,34,12,22,0,41,7,4,0,32,28
7,657,23,0,0,0,4,1,14,13,5,0,5,23,20,14,0,43,9,5,0,19,14
30,657,29,0,0,0,2,4,18,14,8,1,9,29,21,17,0,43,5,8,2,21,13
6,658,41,2,0,4,1,1,22,21,13,1,14,41,14,18,2,39,7,13,1,29,16
3,658,30,0,0,0,0,6,22,16,7,1,8,30,10,17,2,40,13,7,1,28,21
31,659,36,1,0,2,0,7,21,14,13,0,13,36,15,17,0,39,7,13,0,27,14
29,659,25,0,0,0,0,4,18,14,7,0,7,25,10,15,0,38,13,7,0,21,14
7,66,24,0,0,0,3,2,14,12,7,0,7,24,19,12,0,43,12,7,0,29,22
8,66,45,2,0,6,1,2,24,22,11,3,14,45,16,18,0,41,7,11,0,23,12
3,660,28,0,0,0,1,5,20,15,6,1,7,28,10,17,0,37,10,6,1,26,20
4,660,39,2,0,4,1,2,22,20,10,2,12,39,14,16,2,37,7,10,2,25,15
6,661,39,2,0,4,5,1,23,22,7,0,7,39,15,19,1,44,10,7,1,24,17
5,661,40,0,0,0,2,9,26,17,10,2,12,40,12,22,0,43,9,10,2,32,22
2,662,36,1,0,2,2,12,24,12,8,0,8,36,9,23,0,39,7,8,0,28,20
30,662,38,2,0,4,0,5,25,20,7,2,9,38,14,17,1,39,8,7,2,19,12
6,663,32,0,0,0,1,6,23,17,8,0,8,32,11,20,0,43,12,8,0,24,16
28,663,43,2,0,4,3,5,21,16,12,3,15,43,19,17,1,44,8,12,3,29,17
7,664,27,0,0,0,1,2,13,11,10,3,13,27,15,12,0,40,13,10,3,27,17
31,664,37,2,0,4,3,1,18,17,12,0,12,37,17,13,1,40,10,12,0,23,11
6,665,32,0,0,0,2,10,24,14,6,0,6,32,11,17,0,46,18,6,0,25,19
8,665,53,3,0,6,3,7,26,19,16,2,18,53,18,21,2,45,6,16,3,30,14
2,666,27,1,0,2,5,1,11,10,9,0,9,27,15,7,1,38,16,9,0,17,8
7,666,31,1,0,2,4,5,13,8,12,0,12,31,21,8,1,39,10,12,0,22,10
6,667,41,2,0,4,2,7,22,15,11,2,13,41,12,19,1,41,10,11,2,29,18
1,667,43,1,0,2,2,11,29,18,9,1,10,43,11,19,3,42,12,9,2,24,15
6,668,29,1,0,2,1,4,16,12,10,0,10,29,18,17,0,42,7,10,0,23,13
4,668,27,0,0,0,2,5,18,13,7,0,7,27,14,18,0,42,10,7,0,19,12
30,669,24,0,0,0,1,5,14,9,7,2,9,24,13,10,0,42,19,7,2,25,18
29,669,46,3,0,6,2,1,19,18,19,0,19,46,19,16,1,42,7,19,0,28,9
5,67,25,0,0,2,0,0,16,16,7,0,7,25,22,11,0,39,6,7,0,20,13
6,67,20,0,0,0,1,1,14,13,5,0,5,20,22,10,0,39,7,5,0,21,16
3,670,25,0,0,0,4,4,10,6,8,3,11,25,21,8,0,44,15,8,3,20,12
31,670,36,2,0,4,3,2,14,12,13,2,15,36,22,12,0,44,10,13,2,19,6
5,671,31,2,0,4,2,0,11,11,14,0,14,31,23,9,0,40,8,14,0,18,4
7,671,22,0,0,0,3,3,7,4,7,5,12,22,18,7,0,39,14,7,5,18,11
30,672,29,1,0,2,3,3,12,9,11,1,12,29,18,13,0,41,10,11,1,25,14
1,672,35,1,0,2,1,6,20,14,10,2,12,35,14,14,1,40,12,10,2,19,9
2,673,38,2,0,4,2,4,26,22,6,0,6,38,11,22,0,44,11,6,0,23,17
31,673,45,2,0,4,4,8,25,17,10,2,12,45,17,19,1,43,7,10,3,32,22
30,674,30,1,0,2,1,2,19,17,8,0,8,30,20,14,0,41,7,8,0,22,14
4,674,30,1,0,2,2,5,19,14,7,0,7,30,16,16,1,41,9,7,0,24,17
3,675,38,2,0,4,1,7,21,14,12,0,12,38,16,19,0,42,7,12,0,24,12
28,675,32,1,0,2,1,10,22,12,7,0,7,32,14,15,1,41,12,7,0,21,14
30,676,26,1,0,2,0,5,11,6,13,0,13,26,26,9,0,44,9,13,0,23,10
8,676,26,1,0,2,0,3,13,10,9,2,11,26,21,10,0,44,13,9,2,15,6
30,677,41,2,0,4,3,8,27,19,7,0,7,41,12,21,1,44,11,7,0,20,13
6,677,43,2,0,4,2,13,26,13,10,1,11,43,13,22,0,43,8,10,1,29,19
28,678,33,1,0,2,2,6,20,14,9,0,9,33,14,17,0,42,11,9,0,27,18
2,678,39,2,0,4,0,5,23,18,11,1,12,39,13,20,1,42,9,11,1,25,14
30,679,27,0,0,0,1,5,14,9,11,1,12,27,17,13,0,43,13,11,1,27,16
1,679,37,2,0,4,2,3,19,16,12,0,12,37,18,14,0,43,11,12,0,21,9
5,68,28,0,0,2,0,6,17,11,7,2,9,28,19,16,0,38,3,7,0,21,14
7,68,21,0,0,2,1,1,15,14,3,0,3,21,20,11,0,38,7,3,0,14,11
5,680,48,4,0,8,1,1,24,23,15,0,15,48,17,20,0,43,6,15,0,25,10
3,680,24,0,0,0,1,6,16,10,6,1,7,24,17,11,1,43,15,6,1,29,23
4,681,30,1,0,2,3,2,11,9,13,1,14,30,26,11,0,45,8,13,1,22,9
8,681,25,0,0,0,1,4,13,9,8,3,11,25,20,13,0,46,13,8,3,17,9
6,682,50,3,0,6,1,9,28,19,14,1,15,50,12,21,0,43,10,14,1,29,15
4,682,30,1,0,2,1,2,17,15,10,0,10,30,16,13,0,43,14,10,0,29,19
5,683,36,1,0,2,1,6,19,13,13,1,14,36,16,17,0,43,10,13,1,32,19
31,683,38,2,0,4,3,3,22,19,9,0,9,38,16,13,1,43,14,9,1,22,13
5,684,31,1,0,2,0,4,19,15,10,0,10,31,17,15,1,44,12,10,0,27,17
28,684,35,1,0,2,1,3,20,17,12,0,12,35,16,18,0,44,10,12,0,27,15
7,685,25,1,0,2,2,6,12,6,6,3,9,25,20,11,0,41,10,6,3,19,13
8,685,28,2,0,4,0,1,14,13,10,0,10,28,24,11,0,42,7,10,0,16,6
5,686,41,3,0,6,2,1,15,14,17,1,18,41,21,12,1,42,9,17,1,24,7
30,686,24,0,0,0,1,3,10,7,9,4,13,24,16,9,0,42,17,9,4,23,14
29,687,32,1,0,2,2,7,17,10,11,0,11,32,16,16,0,42,10,11,0,25,14
28,687,32,1,0,2,3,4,18,14,9,0,9,32,13,16,0,41,12,9,0,19,10
5,688,32,2,0,4,3,0,14,14,11,0,11,32,23,12,0,41,6,11,0,28,17
1,688,29,1,0,2,2,4,21,17,4,0,4,29,12,15,2,40,13,4,0,18,14
6,689,38,2,0,4,2,2,23,21,9,0,9,38,14,18,2,41,9,9,0,28,19
2,689,35,1,0,2,0,5,24,19,9,0,9,35,8,23,0,41,10,9,0,30,21
4,69,28,0,0,2,1,1,12,11,10,3,13,28,19,11,0,38,8,10,0,24,14
3,69,26,0,0,2,3,1,15,14,6,0,6,26,18,10,0,39,11,6,0,17,11
5,690,36,2,0,4,1,1,14,13,16,1,17,36,21,12,0,39,6,16,1,27,11
29,690,22,0,0,0,2,4,15,11,5,0,5,22,11,10,0,38,17,5,0,18,13
31,691,35,2,0,4,3,1,18,17,10,0,10,35,16,17,0,38,5,10,0,18,8
4,691,23,0,0,0,2,5,13,8,5,3,8,23,15,12,0,39,12,5,3,22,17
3,692,45,3,0,6,0,1,20,19,19,0,19,45,23,18,0,50,9,19,0,26,7
30,692,28,0,0,0,3,7,14,7,7,4,11,28,21,9,0,49,19,7,5,26,19
7,693,22,0,0,0,3,4,13,9,6,0,6,22,21,13,0,44,10,6,0,18,12
4,693,26,1,0,2,2,0,12,12,9,1,10,26,25,11,0,44,8,9,1,18,9
31,694,30,1,0,2,2,5,20,15,6,0,6,30,14,20,0,43,9,6,0,23,17
1,694,30,1,0,2,1,0,17,17,9,1,10,30,21,15,0,43,7,9,1,24,15
3,695,32,1,0,2,0,6,21,15,9,0,9,32,15,15,0,39,9,9,0,34,25
1,695,45,3,0,6,2,3,28,25,9,0,9,45,12,17,2,38,9,9,0,24,15
31,696,37,2,0,4,4,3,17,14,12,0,12,37,17,16,0,42,9,12,0,23,11
30,696,32,1,0,2,2,6,17,11,9,2,11,32,19,10,1,42,13,9,2,23,14
29,697,27,1,0,2,1,4,15,11,8,1,9,27,24,11,1,42,7,8,1,17,9
8,697,23,0,0,0,1,6,15,9,7,0,7,23,18,14,0,41,9,7,0,18,11
31,698,26,0,0,0,1,3,13,10,10,2,12,26,13,14,0,40,13,10,2,20,10
2,698,29,1,0,2,2,2,12,10,12,1,13,29,20,10,0,40,10,12,1,22,10
6,699,45,3,0,6,1,8,28,20,10,0,10,45,14,23,0,41,4,10,0,24,14
29,699,27,1,0,2,0,7,21,14,4,0,4,27,15,15,0,40,10,4,0,24,20
5,7,35,4,0,4,0,5,22,17,9,0,9,35,17,17,0,41,6,9,0,23,14
6,7,32,2,0,2,0,9,23,14,7,0,7,32,11,21,0,41,9,6,0,23,17
1,70,31,1,0,4,2,1,13,12,12,0,12,31,22,12,0,42,8,12,0,23,11
6,70,26,0,0,2,0,5,16,11,8,0,8,26,16,13,0,41,12,8,0,20,12
31,700,39,2,0,4,2,5,21,16,10,2,12,39,18,16,0,44,10,10,2,26,16
5,700,35,1,0,2,1,6,22,16,9,1,10,35,20,14,2,44,10,9,1,25,16
31,701,40,2,0,4,1,1,20,19,15,0,15,40,18,18,1,44,8,15,0,26,11
28,701,31,0,0,0,4,9,20,11,5,2,7,31,15,13,1,43,15,5,3,24,19
1,702,31,1,0,2,1,6,25,19,3,0,3,31,15,21,1,43,7,3,0,21,18
4,702,33,1,0,2,1,5,23,18,7,0,7,33,21,18,2,43,4,7,0,26,19
3,703,30,1,0,2,1,5,15,10,11,1,12,30,19,13,0,42,10,11,1,20,9
7,703,30,1,0,2,5,5,14,9,9,0,9,30,20,11,0,43,12,9,1,19,10
5,704,39,2,0,4,2,2,18,16,14,1,15,39,19,16,0,41,6,14,1,25,11
2,704,23,0,0,0,3,4,15,11,5,0,5,23,9,15,0,40,16,5,0,21,16
1,705,36,2,0,4,1,0,18,18,13,0,13,36,19,16,0,43,8,13,0,22,9
29,705,22,0,0,0,0,4,13,9,8,1,9,22,18,11,0,43,14,8,1,26,18
1,706,32,1,0,2,1,3,22,19,7,0,7,32,9,21,0,40,10,7,0,22,15
6,706,35,1,0,2,5,3,18,15,9,1,10,35,16,17,0,41,8,9,1,28,19
2,707,27,0,0,0,3,6,15,9,9,0,9,27,14,12,0,39,13,9,0,20,11
28,707,34,1,0,2,3,5,16,11,13,0,13,34,16,13,0,40,11,13,0,22,9
29,708,31,1,0,2,1,5,13,8,13,2,15,31,25,10,1,44,9,13,2,21,8
8,708,25,0,0,0,5,3,11,8,6,3,9,25,20,10,0,44,14,6,4,14,8
28,709,33,2,0,4,0,2,19,17,10,0,10,33,17,17,0,42,8,10,0,27,17
7,709,35,2,0,4,1,5,22,17,8,0,8,35,16,16,1,42,10,8,0,25,17
4,71,30,0,0,2,1,6,20,14,7,0,7,30,21,12,0,41,8,7,0,25,18
8,71,32,0,0,2,1,3,21,18,7,1,8,32,15,17,0,40,8,7,0,21,14
1,710,34,1,0,2,0,7,19,12,13,0,13,34,17,16,0,44,11,13,0,22,9
8,710,26,1,0,2,0,3,12,9,11,1,12,26,19,12,0,44,13,11,1,23,12
7,711,20,0,0,0,2,2,6,4,10,2,12,20,22,5,0,42,15,10,2,21,11
31,711,35,2,0,4,4,2,13,11,14,0,14,35,19,11,0,42,12,14,0,18,4
1,712,37,1,0,2,1,11,28,17,6,0,6,37,8,23,0,41,10,6,0,30,24
4,712,44,3,0,6,1,4,28,24,9,0,9,44,13,21,1,41,7,9,0,26,17
2,713,48,3,0,6,2,3,31,28,9,0,9,48,16,23,1,43,4,9,0,27,18
3,713,35,1,0,2,0,11,29,18,4,0,4,35,12,21,1,43,10,4,0,32,28
29,714,35,1,0,2,0,6,25,19,6,2,8,35,18,18,0,44,8,6,2,22,16
6,714,35,2,0,4,2,6,22,16,7,0,7,35,17,20,0,43,6,7,0,26,19
2,715,34,2,0,4,2,5,20,15,7,1,8,34,14,17,0,41,10,7,1,25,18
5,715,41,2,0,4,0,9,27,18,10,0,10,41,17,16,3,41,8,10,0,25,15
5,716,36,2,0,4,1,3,14,11,16,1,17,36,23,12,0,43,8,16,1,26,10
31,716,26,0,0,0,3,5,15,10,8,0,8,26,15,12,0,44,17,8,0,19,11
2,717,35,2,0,4,1,2,17,15,11,2,13,35,24,14,1,45,7,11,2,22,11
7,717,24,0,0,0,0,6,17,11,7,0,7,24,20,13,1,44,11,7,0,22,15
6,718,27,0,0,0,1,5,13,8,11,2,13,27,14,12,0,43,17,11,2,30,19
31,718,45,3,0,6,0,3,22,19,17,0,17,45,16,16,2,43,11,17,0,25,8
2,719,34,2,0,4,4,2,17,15,7,2,9,34,18,16,0,40,6,7,2,20,13
8,719,29,1,0,2,0,8,21,13,6,0,6,29,15,16,0,40,9,6,0,21,15
2,72,38,1,0,4,3,6,24,18,6,1,7,38,18,16,0,40,6,6,0,28,22
7,72,37,1,0,4,4,3,25,22,4,0,4,37,13,19,0,41,9,4,0,22,18
28,720,35,1,0,2,4,5,19,14,9,1,10,35,17,18,0,41,6,9,1,29,20
4,720,33,1,0,2,1,4,24,20,5,1,6,33,13,20,1,42,9,5,1,19,14
2,721,32,2,0,4,0,2,18,16,9,1,10,32,20,15,1,41,6,9,1,20,11
1,721,31,0,0,0,2,13,24,11,5,0,5,31,11,20,0,40,9,5,0,21,16
30,722,30,1,0,2,0,4,19,15,9,0,9,30,19,15,0,40,6,9,0,24,15
28,722,29,0,0,0,2,7,22,15,5,0,5,29,14,17,2,40,9,5,0,20,15
2,723,37,2,0,4,5,5,18,13,9,1,10,37,13,18,0,38,7,9,1,26,17
29,723,33,1,0,2,3,7,24,17,4,0,4,33,7,20,0,37,10,4,0,17,13
8,724,27,1,0,2,3,3,16,13,6,0,6,27,25,12,1,44,7,6,0,23,17
31,724,29,1,0,2,2,3,20,17,5,0,5,29,19,16,0,43,8,5,0,18,13
6,725,53,3,0,6,2,2,33,31,11,1,12,53,10,26,1,42,6,11,1,28,17
7,725,36,0,0,0,2,11,28,17,5,1,6,36,14,16,1,42,12,5,2,36,31
5,726,31,1,0,2,1,5,15,10,11,2,13,31,21,13,0,43,9,11,2,19,8
4,726,20,0,0,0,2,2,10,8,8,0,8,20,22,10,0,43,11,8,0,18,10
8,727,36,2,0,4,1,5,21,16,10,0,10,36,18,17,1,41,6,10,0,22,12
3,727,26,0,0,0,0,7,19,12,6,1,7,26,14,17,0,41,10,6,1,22,16
29,728,24,0,0,0,1,6,16,10,7,0,7,24,15,13,0,42,14,7,0,24,17
3,728,37,2,0,4,0,1,18,17,14,1,15,37,22,13,1,43,8,14,1,24,10
8,729,35,1,0,2,0,7,18,11,9,6,15,35,25,13,1,45,7,9,6,23,14
28,729,31,1,0,2,2,6,20,14,7,0,7,31,15,20,0,44,9,7,0,18,11
4,73,25,0,0,2,0,0,8,8,12,3,15,25,21,6,0,40,13,12,0,22,10
5,73,29,1,0,2,2,3,13,10,12,0,12,29,19,9,0,40,12,12,0,20,8
2,730,19,0,0,0,0,4,11,7,7,1,8,19,19,7,1,41,15,7,1,26,19
5,730,44,3,0,6,0,4,23,19,15,0,15,44,14,20,1,41,7,15,0,22,7
8,731,20,0,0,0,0,4,11,7,8,1,9,20,24,8,0,44,12,8,1,20,12
30,731,27,1,0,2,1,1,13,12,11,0,11,27,26,10,0,44,8,11,0,18,7
28,732,37,1,0,2,1,6,26,20,7,1,8,37,15,18,1,44,11,7,1,33,26
31,732,47,2,0,4,1,4,30,26,11,1,12,47,18,20,1,45,7,11,1,31,20
8,733,24,0,0,0,0,9,16,7,8,0,8,24,19,10,0,43,14,8,0,23,15
1,733,37,2,0,4,2,3,18,15,13,0,13,37,18,18,0,44,8,13,0,20,7
8,734,41,2,0,4,1,4,22,18,14,0,14,41,21,19,1,47,7,14,0,30,16
6,734,36,1,0,2,0,8,24,16,7,3,10,36,18,15,0,47,14,7,3,25,18
3,735,36,2,0,4,1,0,14,14,15,2,17,36,20,14,0,43,9,15,2,25,10
7,735,23,0,0,0,0,4,14,10,9,0,9,23,15,12,0,42,15,9,0,23,14
4,736,28,1,0,2,0,5,16,11,10,0,10,28,24,11,1,44,9,10,0,19,9
29,736,21,0,0,0,0,2,11,9,9,1,10,21,24,10,0,44,10,9,1,20,11
30,737,25,0,0,0,3,6,16,10,6,0,6,25,20,15,0,44,9,6,0,18,12
29,737,25,0,0,0,4,1,13,12,7,1,8,25,24,12,0,44,8,7,1,17,10
3,738,35,2,0,4,3,1,18,17,9,1,10,35,18,16,1,45,11,9,1,26,17
5,738,35,1,0,2,1,5,22,17,10,0,10,35,15,21,0,45,9,10,0,27,17
6,739,31,0,0,0,1,7,21,14,8,1,9,31,16,16,1,46,14,8,1,27,19
30,739,47,3,0,6,2,7,26,19,13,0,13,47,20,17,1,45,8,13,0,27,14
1,74,31,0,0,2,4,7,18,11,7,0,7,31,21,14,0,42,7,7,0,18,11
7,74,26,1,0,2,2,4,15,11,6,1,7,26,21,13,0,43,9,6,0,17,11
3,740,29,1,0,2,2,3,16,13,7,2,9,29,24,10,1,46,12,7,2,21,14
31,740,34,1,0,2,1,4,18,14,12,1,13,34,24,14,1,47,9,12,1,25,13
1,741,44,3,0,6,4,1,22,21,11,1,12,44,16,18,0,41,7,11,1,22,11
8,741,28,1,0,2,1,5,16,11,7,2,9,28,16,11,1,40,13,7,2,28,21
3,742,39,2,0,4,1,4,23,19,11,0,11,39,21,17,1,47,9,11,0,21,10
28,742,30,1,0,2,0,9,19,10,9,0,9,30,20,15,0,47,12,9,0,28,19
6,743,40,2,0,4,3,5,26,21,7,0,7,40,11,20,1,42,11,7,0,21,14
1,743,40,1,0,2,1,12,26,14,10,1,11,40,14,21,1,42,7,10,1,31,21
3,744,31,1,0,2,3,5,18,13,7,1,8,31,21,14,1,43,8,7,1,25,18
31,744,33,2,0,4,0,3,21,18,8,0,8,33,19,17,0,44,8,8,0,21,13
3,745,37,1,0,2,2,6,25,19,6,2,8,37,18,18,2,43,7,6,3,25,19
2,745,37,1,0,2,0,7,26,19,7,2,9,37,19,18,1,44,7,7,2,26,19
7,746,35,2,0,4,1,3,14,11,14,2,16,35,26,13,0,43,4,14,2,24,10
8,746,20,0,0,0,0,5,15,10,4,1,5,20,20,9,0,44,15,4,1,15,11
5,747,32,1,0,2,1,1,17,16,10,2,12,32,15,14,1,41,12,10,2,25,15
30,747,34,1,0,2,0,4,19,15,12,1,13,34,17,14,0,41,10,12,1,28,16
4,748,39,2,0,4,1,4,19,15,14,1,15,39,19,16,0,41,6,14,1,27,13
6,748,23,0,0,0,0,4,17,13,6,0,6,23,11,15,0,40,14,6,0,21,15
4,749,31,1,0,2,2,4,18,14,7,2,9,31,19,15,1,41,7,7,2,22,15
2,749,37,2,0,4,4,8,23,15,6,0,6,37,18,15,0,41,8,6,0,20,14
4,75,21,0,0,0,2,4,8,4,10,1,11,21,20,5,0,40,15,10,0,20,10
2,75,32,0,0,4,3,2,12,10,13,0,13,32,21,8,0,41,12,13,0,17,4
4,750,27,0,0,0,0,4,17,13,8,2,10,27,24,14,1,44,6,8,2,23,15
29,750,24,0,0,0,0,3,18,15,6,0,6,24,21,14,1,43,8,6,0,19,13
28,751,40,1,0,2,0,8,30,22,7,1,8,40,10,23,0,43,10,7,1,30,23
29,751,40,2,0,4,2,3,26,23,8,0,8,40,15,21,2,43,7,8,0,30,22
4,752,39,1,0,2,3,5,27,22,7,0,7,39,20,17,2,44,7,7,1,24,17
8,752,34,1,0,2,0,5,22,17,7,3,10,34,18,16,1,43,9,7,3,29,22
31,753,37,1,0,2,3,6,18,12,11,3,14,37,16,17,0,40,7,11,3,25,14
6,753,29,0,0,0,5,4,18,14,6,0,6,29,13,14,0,39,12,6,0,18,12
4,754,37,2,0,4,2,5,24,19,7,0,7,37,16,16,1,39,7,7,0,23,16
1,754,31,1,0,2,4,3,19,16,6,0,6,31,16,16,0,39,7,6,0,25,19
3,755,32,0,0,0,0,11,23,12,8,1,9,32,15,20,0,45,10,8,1,27,19
1,755,40,2,0,4,1,6,25,19,10,0,10,40,17,20,1,45,8,10,0,22,12
4,756,25,0,0,0,2,4,16,12,6,1,7,25,18,10,0,40,12,6,1,23,17
30,756,41,3,0,6,2,2,19,17,12,2,14,41,19,15,1,40,6,12,2,24,12
5,757,29,0,0,0,0,6,18,12,11,0,11,29,11,15,0,43,17,11,0,20,9
30,757,34,1,0,2,2,3,12,9,17,1,18,34,22,11,0,44,11,17,1,29,12
2,758,39,2,0,4,2,5,22,17,10,1,11,39,14,21,0,42,7,10,1,23,13
4,758,28,1,0,2,2,5,18,13,6,0,6,28,17,13,1,41,11,6,0,23,17
31,759,29,1,0,2,0,5,21,16,6,0,6,29,12,16,0,42,14,6,0,25,19
1,759,41,2,0,4,2,3,22,19,13,0,13,41,20,17,1,43,6,13,0,29,16
3,76,23,0,0,0,1,3,15,12,6,1,7,23,17,11,0,40,12,6,0,20,14
6,76,29,0,0,2,2,0,14,14,11,0,11,29,22,11,0,40,7,11,0,23,12
30,760,45,3,0,6,3,6,26,20,9,1,10,45,16,18,2,39,5,9,1,23,14
2,760,33,1,0,2,5,8,22,14,4,0,4,33,8,19,1,39,12,4,0,24,20
31,761,38,2,0,4,2,5,22,17,10,0,10,38,19,16,0,44,9,10,0,23,13
30,761,31,1,0,2,2,4,17,13,8,2,10,31,17,15,0,44,12,8,2,25,17
1,762,38,2,0,4,1,4,26,22,7,0,7,38,12,23,0,44,9,7,0,24,17
31,762,33,1,0,2,3,3,20,17,8,0,8,33,18,19,1,44,7,8,0,30,22
8,77,26,0,0,2,0,3,13,10,10,1,11,26,21,9,0,41,11,10,0,23,13
5,77,27,0,0,2,0,1,14,13,11,0,11,27,21,10,0,41,10,11,0,21,10
2,78,18,0,0,0,1,1,10,9,7,0,7,18,21,7,0,41,13,7,0,20,13
1,78,33,2,0,4,1,1,14,13,12,2,14,33,21,11,0,40,8,12,0,21,9
3,79,22,0,0,0,2,5,16,11,4,0,4,22,18,13,0,42,11,4,0,22,18
8,79,33,1,0,4,0,0,18,18,11,0,11,33,23,13,0,42,6,11,0,22,11
1,8,46,6,0,6,0,1,25,24,15,0,15,46,16,20,0,43,7,15,0,26,11
4,8,30,0,0,0,0,8,19,11,11,0,11,30,12,16,0,43,15,7,0,31,24
3,80,36,1,0,4,1,3,16,13,14,1,15,36,22,10,0,42,10,14,0,21,7
1,80,23,0,0,2,4,2,9,7,8,0,8,23,17,10,0,42,15,8,0,21,13
7,81,33,2,0,4,4,2,14,12,10,1,11,33,20,11,0,42,11,10,0,23,13
4,81,29,1,0,2,4,3,16,13,7,0,7,29,17,12,0,42,13,7,0,19,12
3,82,27,0,0,0,4,6,14,8,7,2,9,27,15,10,0,42,17,7,0,20,13
2,82,35,0,0,4,1,0,13,13,17,0,17,35,23,12,0,42,7,17,0,25,8
6,83,22,0,0,0,0,3,10,7,9,3,12,22,22,9,0,42,11,9,0,26,17
8,83,34,1,0,4,0,2,19,17,11,0,11,34,19,14,0,42,9,11,0,18,7
8,84,21,0,0,0,2,2,13,11,6,0,6,21,15,12,0,42,15,6,0,17,11
1,84,35,1,0,4,4,2,13,11,12,2,14,35,24,11,0,41,6,12,0,23,11
6,85,39,0,0,4,3,3,17,14,15,0,15,39,22,17,0,44,5,15,0,25,10
2,85,22,0,0,0,2,5,15,10,5,0,5,22,15,12,0,43,16,5,0,19,14
2,86,22,0,0,0,0,1,9,8,10,3,13,22,21,8,0,40,11,10,0,21,11
5,86,27,1,0,2,2,1,12,11,11,0,11,27,22,10,0,42,10,11,0,19,8
6,87,32,0,0,2,1,6,18,12,11,0,11,32,19,16,0,43,8,11,0,25,14
7,87,28,1,0,2,1,3,17,14,7,1,8,28,19,12,0,43,12,7,0,19,12
7,88,29,0,0,0,2,4,20,16,6,1,7,29,15,15,0,41,11,6,0,22,16
3,88,35,0,0,2,2,4,20,16,9,2,11,35,17,17,0,41,7,9,0,25,16
6,89,20,0,0,0,1,2,9,7,10,0,10,20,26,9,0,43,8,10,0,18,8
4,89,20,0,0,0,3,2,10,8,7,0,7,20,22,10,0,43,11,7,0,14,7
3,9,46,4,0,4,1,7,29,22,12,0,12,46,18,23,0,44,3,12,0,32,20
8,9,31,2,0,2,1,4,24,20,4,0,4,31,11,21,0,44,12,3,0,25,22
8,90,39,1,0,2,0,4,26,22,10,1,11,39,19,18,0,45,8,10,0,31,21
3,90,39,1,0,4,3,5,26,21,6,0,6,39,12,24,0,46,10,6,0,28,22
5,91,29,1,0,2,1,4,14,10,12,0,12,29,20,12,0,43,11,12,0,21,9
2,91,25,0,0,2,1,2,11,9,11,0,11,25,18,12,0,43,13,11,0,21,10
8,92,44,0,0,4,2,5,22,17,16,0,16,44,24,19,0,47,4,16,0,35,19
4,92,28,0,0,0,3,2,21,19,3,1,4,28,14,16,0,47,17,3,0,20,17
4,93,22,0,0,0,2,4,10,6,8,2,10,22,26,9,0,46,11,8,0,25,17
1,93,33,1,0,4,1,1,18,17,10,0,10,33,23,14,0,46,9,10,0,16,6
8,94,54,0,0,8,2,2,29,27,14,1,15,54,19,21,0,46,6,14,0,29,15
6,94,32,0,0,2,3,6,21,15,5,1,6,32,13,17,0,46,16,5,0,32,27
3,95,35,0,0,2,5,2,12,10,13,3,16,35,22,9,0,44,13,13,0,21,8
5,95,25,0,0,0,1,2,10,8,13,1,14,25,22,8,0,45,15,13,0,23,10
8,96,29,1,0,2,0,2,18,16,9,0,9,29,20,15,0,45,10,9,0,23,14
7,96,29,1,0,2,1,2,16,14,10,0,10,29,22,13,0,44,9,10,0,26,16
2,97,17,0,0,0,1,0,7,7,8,1,9,17,26,6,0,42,10,8,0,15,7
4,97,20,0,0,0,0,1,8,7,10,2,12,20,26,7,0,41,8,10,0,17,7
6,98,30,1,0,2,1,4,11,7,13,3,16,30,24,9,0,42,9,13,0,27,14
1,98,28,1,0,2,5,2,16,14,5,0,5,28,14,15,0,43,14,5,0,12,7
5,99,31,1,0,4,3,1,16,15,8,0,8,31,21,15,0,41,5,8,0,16,8
4,99,17,1,0,2,1,1,9,8,5,0,5,17,23,7,0,41,11,5,0,20,15
